,0,1
0,Дата,1 день
1,20.02.2020,"206 451,17"
2,19.02.2020,"190 665,92"
3,18.02.2020,"148 890,06"
4,17.02.2020,"114 412,37"
5,14.02.2020,"117 557,23"
6,13.02.2020,"173 851,91"
7,12.02.2020,"145 739,13"
8,11.02.2020,"146 240,53"
9,10.02.2020,"173 648,71"
10,07.02.2020,"219 158,61"
11,06.02.2020,"153 967,09"
12,05.02.2020,"179 686,67"
13,04.02.2020,"228 582,21"
14,03.02.2020,"223 386,99"
15,31.01.2020,"166 031,40"
16,30.01.2020,"227 535,23"
17,29.01.2020,"196 458,93"
18,28.01.2020,"187 248,28"
19,27.01.2020,"191 282,87"
20,24.01.2020,"207 672,20"
21,23.01.2020,"195 505,29"
22,22.01.2020,"182 662,76"
23,21.01.2020,"164 583,70"
24,20.01.2020,"115 251,79"
25,17.01.2020,"86 064,42"
26,16.01.2020,"154 709,16"
27,15.01.2020,"215 974,80"
28,14.01.2020,"134 248,39"
29,13.01.2020,"138 257,02"
30,10.01.2020,"208 592,38"
31,09.01.2020,"249 867,65"
32,31.12.2019,"200 640,88"
33,30.12.2019,"90 247,84"
34,27.12.2019,"249 518,00"
35,26.12.2019,"172 478,19"
36,25.12.2019,"183 667,84"
37,24.12.2019,"148 511,36"
38,23.12.2019,"234 889,28"
39,20.12.2019,"264 632,27"
40,19.12.2019,"175 047,06"
41,18.12.2019,"239 876,04"
42,17.12.2019,"248 952,11"
43,16.12.2019,"258 386,06"
44,13.12.2019,"211 945,36"
45,12.12.2019,"190 752,28"
46,11.12.2019,"212 341,74"
47,10.12.2019,"149 426,12"
48,09.12.2019,"210 405,41"
49,06.12.2019,"212 369,68"
50,05.12.2019,"186 089,64"
51,04.12.2019,"204 288,32"
52,03.12.2019,"214 479,32"
53,02.12.2019,"193 939,36"
54,29.11.2019,"224 763,20"
55,28.11.2019,"150 833,93"
56,27.11.2019,"127 154,36"
57,26.11.2019,"176 825,05"
58,25.11.2019,"258 398,89"
59,22.11.2019,"230 361,99"
60,21.11.2019,"138 810,82"
61,20.11.2019,"168 715,72"
62,19.11.2019,"147 170,02"
63,18.11.2019,"174 408,73"
64,15.11.2019,"142 368,32"
65,14.11.2019,"144 614,59"
66,13.11.2019,"205 081,78"
67,12.11.2019,"206 796,62"
68,11.11.2019,"104 429,16"
69,08.11.2019,"112 220,76"
70,07.11.2019,"187 276,66"
71,06.11.2019,"227 508,72"
72,05.11.2019,"224 018,48"
73,01.11.2019,"301 480,23"
74,31.10.2019,"251 607,09"
75,30.10.2019,"189 398,37"
76,29.10.2019,"233 846,69"
77,28.10.2019,"241 856,88"
78,25.10.2019,"343 368,88"
79,24.10.2019,"143 392,32"
80,23.10.2019,"165 216,48"
81,22.10.2019,"241 008,13"
82,21.10.2019,"225 881,75"
83,18.10.2019,"204 877,93"
84,17.10.2019,"149 635,61"
85,16.10.2019,"165 923,91"
86,15.10.2019,"165 837,87"
87,14.10.2019,"64 510,95"
88,11.10.2019,"124 400,50"
89,10.10.2019,"171 567,40"
90,09.10.2019,"123 980,72"
91,08.10.2019,"142 066,08"
92,07.10.2019,"85 209,23"
93,04.10.2019,"125 166,34"
94,03.10.2019,"129 050,99"
95,02.10.2019,"192 857,33"
96,01.10.2019,"232 956,93"
97,30.09.2019,"192 020,48"
98,27.09.2019,"270 901,06"
99,26.09.2019,"119 275,78"
100,25.09.2019,"179 589,68"
101,24.09.2019,"164 077,21"
102,23.09.2019,"186 170,22"
103,20.09.2019,"134 719,50"
104,19.09.2019,"159 765,89"
105,18.09.2019,"142 998,97"
106,17.09.2019,"166 474,75"
107,16.09.2019,"129 191,05"
108,13.09.2019,"160 078,07"
109,12.09.2019,"133 892,96"
110,11.09.2019,"116 194,44"
111,10.09.2019,"126 086,16"
112,09.09.2019,"112 942,80"
113,06.09.2019,"151 242,91"
114,05.09.2019,"118 214,39"
115,04.09.2019,"172 920,64"
116,03.09.2019,"203 925,51"
117,02.09.2019,"306 990,04"
118,30.08.2019,"145 685,88"
119,29.08.2019,"276 348,18"
120,28.08.2019,"155 239,33"
121,27.08.2019,"157 515,48"
122,26.08.2019,"187 990,64"
123,23.08.2019,"182 667,50"
124,22.08.2019,"201 302,12"
125,21.08.2019,"192 178,20"
126,20.08.2019,"198 418,52"
127,19.08.2019,"151 868,66"
128,16.08.2019,"142 780,64"
129,15.08.2019,"155 250,23"
130,14.08.2019,"146 638,23"
131,13.08.2019,"99 131,71"
132,12.08.2019,"114 124,84"
133,09.08.2019,"110 223,28"
134,08.08.2019,"112 475,87"
135,07.08.2019,"143 961,59"
136,06.08.2019,"132 987,70"
137,05.08.2019,"250 484,87"
138,02.08.2019,"169 951,94"
139,01.08.2019,"199 033,23"
140,31.07.2019,"168 931,68"
141,30.07.2019,"269 501,98"
142,29.07.2019,"225 590,74"
143,26.07.2019,"246 601,18"
144,25.07.2019,"187 222,67"
145,24.07.2019,"247 894,58"
146,23.07.2019,"197 179,40"
147,22.07.2019,"112 125,97"
148,19.07.2019,"144 074,12"
149,18.07.2019,"149 027,55"
150,17.07.2019,"138 979,71"
151,16.07.2019,"174 679,67"
152,15.07.2019,"147 474,76"
153,12.07.2019,"164 268,72"
154,11.07.2019,"171 254,13"
155,10.07.2019,"125 154,14"
156,09.07.2019,"142 223,98"
157,08.07.2019,"186 381,90"
158,05.07.2019,"193 300,78"
159,04.07.2019,"200 609,52"
160,03.07.2019,"126 497,15"
161,02.07.2019,"182 314,54"
162,01.07.2019,"160 137,54"
163,28.06.2019,"179 352,39"
164,27.06.2019,"170 778,39"
165,26.06.2019,"156 786,09"
166,25.06.2019,"146 509,94"
167,24.06.2019,"131 671,64"
168,21.06.2019,"155 506,79"
169,20.06.2019,"141 107,27"
170,19.06.2019,"181 170,24"
171,18.06.2019,"137 065,64"
172,17.06.2019,"175 391,84"
173,14.06.2019,"198 170,49"
174,13.06.2019,"206 901,06"
175,11.06.2019,"161 717,99"
176,10.06.2019,"172 013,14"
177,07.06.2019,"197 833,53"
178,06.06.2019,"146 429,67"
179,05.06.2019,"202 478,58"
180,04.06.2019,"213 736,16"
181,03.06.2019,"183 940,51"
182,31.05.2019,"160 429,06"
183,30.05.2019,"226 735,82"
184,29.05.2019,"158 467,20"
185,28.05.2019,"167 897,75"
186,27.05.2019,"211 934,13"
187,24.05.2019,"162 880,21"
188,23.05.2019,"166 256,05"
189,22.05.2019,"206 640,57"
190,21.05.2019,"182 269,25"
191,20.05.2019,"140 712,35"
192,17.05.2019,"153 235,41"
193,16.05.2019,"154 969,90"
194,15.05.2019,"170 514,28"
195,14.05.2019,"136 391,24"
196,13.05.2019,"119 504,95"
197,08.05.2019,"132 299,71"
198,07.05.2019,"200 998,65"
199,06.05.2019,"167 984,70"
200,30.04.2019,"293 475,94"
201,29.04.2019,"165 913,81"
202,26.04.2019,"158 441,63"
203,25.04.2019,"195 517,97"
204,24.04.2019,"256 122,59"
205,23.04.2019,"163 127,50"
206,22.04.2019,"197 268,77"
207,19.04.2019,"172 113,57"
208,18.04.2019,"118 428,91"
209,17.04.2019,"158 383,88"
210,16.04.2019,"148 322,23"
211,15.04.2019,"206 382,15"
212,12.04.2019,"172 265,65"
213,11.04.2019,"234 604,99"
214,10.04.2019,"197 771,01"
215,09.04.2019,"186 190,83"
216,08.04.2019,"190 739,94"
217,05.04.2019,"149 317,36"
218,04.04.2019,"142 872,62"
219,03.04.2019,"157 415,31"
220,02.04.2019,"212 612,02"
221,01.04.2019,"247 394,18"
222,29.03.2019,"228 546,62"
223,28.03.2019,"200 752,20"
224,27.03.2019,"226 113,94"
225,26.03.2019,"206 074,84"
226,25.03.2019,"262 259,86"
227,22.03.2019,"258 012,58"
228,21.03.2019,"238 577,48"
229,20.03.2019,"214 024,18"
230,19.03.2019,"228 947,56"
231,18.03.2019,"257 526,62"
232,15.03.2019,"241 868,74"
233,14.03.2019,"199 362,48"
234,13.03.2019,"200 078,64"
235,12.03.2019,"269 641,04"
236,11.03.2019,"196 603,12"
237,07.03.2019,"233 623,80"
238,06.03.2019,"167 901,44"
239,05.03.2019,"134 040,89"
240,04.03.2019,"212 019,79"
241,01.03.2019,"259 670,54"
242,28.02.2019,"356 036,06"
243,27.02.2019,"142 363,84"
244,26.02.2019,"181 846,71"
245,25.02.2019,"170 130,59"
246,22.02.2019,"327 785,05"
247,21.02.2019,"215 249,09"
248,20.02.2019,"187 060,42"
249,19.02.2019,"158 885,59"
250,18.02.2019,"112 575,20"
251,15.02.2019,"87 210,56"
252,14.02.2019,"156 269,33"
253,13.02.2019,"192 184,26"
254,12.02.2019,"149 769,79"
255,11.02.2019,"177 193,20"
256,08.02.2019,"241 371,74"
257,07.02.2019,"166 103,73"
258,06.02.2019,"155 809,72"
259,05.02.2019,"156 832,97"
260,04.02.2019,"140 392,29"
261,01.02.2019,"255 973,92"
262,31.01.2019,"208 014,44"
263,30.01.2019,"231 339,39"
264,29.01.2019,"191 577,40"
265,28.01.2019,"171 011,31"
266,25.01.2019,"209 143,72"
267,24.01.2019,"209 270,27"
268,23.01.2019,"208 417,98"
269,22.01.2019,"126 843,96"
270,21.01.2019,"91 261,89"
271,18.01.2019,"130 925,43"
272,17.01.2019,"196 188,30"
273,16.01.2019,"164 201,69"
274,15.01.2019,"235 112,99"
275,14.01.2019,"225 168,22"
276,11.01.2019,"275 487,01"
277,10.01.2019,"210 530,64"
278,09.01.2019,"198 282,56"
279,29.12.2018,"194 545,76"
280,28.12.2018,"87 432,00"
281,27.12.2018,"193 895,89"
282,26.12.2018,"315 750,68"
283,25.12.2018,"189 567,27"
284,24.12.2018,"114 712,39"
285,21.12.2018,"164 665,28"
286,20.12.2018,"191 415,40"
287,19.12.2018,"194 896,96"
288,18.12.2018,"188 792,63"
289,17.12.2018,"117 761,26"
290,14.12.2018,"187 934,18"
291,13.12.2018,"119 204,96"
292,12.12.2018,"132 196,39"
293,11.12.2018,"110 023,37"
294,10.12.2018,"125 391,60"
295,07.12.2018,"183 323,77"
296,06.12.2018,"143 463,06"
297,05.12.2018,"156 453,16"
298,04.12.2018,"145 707,29"
299,03.12.2018,"128 894,66"
300,30.11.2018,"214 163,48"
301,29.11.2018,"185 301,41"
302,28.11.2018,"160 523,67"
303,27.11.2018,"135 769,61"
304,26.11.2018,"117 328,95"
305,23.11.2018,"194 895,52"
306,22.11.2018,"167 100,00"
307,21.11.2018,"112 967,20"
308,20.11.2018,"138 101,25"
309,19.11.2018,"166 695,65"
310,16.11.2018,"191 601,02"
311,15.11.2018,"195 871,23"
312,14.11.2018,"218 183,80"
313,13.11.2018,"175 891,29"
314,12.11.2018,"153 072,77"
315,09.11.2018,"162 754,71"
316,08.11.2018,"190 707,34"
317,07.11.2018,"161 322,78"
318,06.11.2018,"194 559,28"
319,02.11.2018,"223 487,33"
320,01.11.2018,"208 926,45"
321,31.10.2018,"226 607,30"
322,30.10.2018,"214 479,21"
323,29.10.2018,"160 149,03"
324,26.10.2018,"237 971,54"
325,25.10.2018,"188 872,31"
326,24.10.2018,"200 643,38"
327,23.10.2018,"223 824,24"
328,22.10.2018,"165 470,18"
329,19.10.2018,"166 432,64"
330,18.10.2018,"123 159,28"
331,17.10.2018,"122 327,64"
332,16.10.2018,"190 474,00"
333,15.10.2018,"158 687,44"
334,12.10.2018,"192 255,39"
335,11.10.2018,"167 796,68"
336,10.10.2018,"166 498,88"
337,09.10.2018,"153 131,25"
338,08.10.2018,"205 846,92"
339,05.10.2018,"215 768,81"
340,04.10.2018,"144 941,59"
341,03.10.2018,"159 916,40"
342,02.10.2018,"248 237,11"
343,01.10.2018,"269 710,97"
344,28.09.2018,"141 896,35"
345,27.09.2018,"228 609,68"
346,26.09.2018,"227 125,36"
347,25.09.2018,"150 774,92"
348,24.09.2018,"199 718,12"
349,21.09.2018,"178 964,74"
350,20.09.2018,"184 010,00"
351,19.09.2018,"266 003,20"
352,18.09.2018,"239 025,53"
353,17.09.2018,"183 756,24"
354,14.09.2018,"196 972,22"
355,13.09.2018,"167 835,77"
356,12.09.2018,"157 430,07"
357,11.09.2018,"170 873,73"
358,10.09.2018,"189 174,64"
359,07.09.2018,"187 810,87"
360,06.09.2018,"139 728,08"
361,05.09.2018,"187 338,16"
362,04.09.2018,"308 544,54"
363,03.09.2018,"236 044,74"
364,31.08.2018,"284 376,69"
365,30.08.2018,"230 844,80"
366,29.08.2018,"238 134,64"
367,28.08.2018,"202 397,19"
368,27.08.2018,"191 828,04"
369,24.08.2018,"302 159,70"
370,23.08.2018,"204 365,19"
371,22.08.2018,"293 297,04"
372,21.08.2018,"400 274,64"
373,20.08.2018,"337 167,51"
374,17.08.2018,"324 070,41"
375,16.08.2018,"293 482,16"
376,15.08.2018,"256 696,64"
377,14.08.2018,"189 127,27"
378,13.08.2018,"183 691,52"
379,10.08.2018,"166 260,67"
380,09.08.2018,"147 497,29"
381,08.08.2018,"201 286,71"
382,07.08.2018,"185 058,75"
383,06.08.2018,"203 985,89"
384,03.08.2018,"208 665,61"
385,02.08.2018,"197 732,53"
386,01.08.2018,"192 401,28"
387,31.07.2018,"279 168,68"
388,30.07.2018,"274 786,83"
389,27.07.2018,"217 579,15"
390,26.07.2018,"246 577,85"
391,25.07.2018,"207 782,56"
392,24.07.2018,"228 817,92"
393,23.07.2018,"229 209,37"
394,20.07.2018,"340 566,92"
395,19.07.2018,"201 852,96"
396,18.07.2018,"246 304,35"
397,17.07.2018,"167 345,78"
398,16.07.2018,"146 930,02"
399,13.07.2018,"232 821,23"
400,12.07.2018,"182 717,90"
401,11.07.2018,"200 070,17"
402,10.07.2018,"162 492,32"
403,09.07.2018,"239 156,24"
404,06.07.2018,"221 507,76"
405,05.07.2018,"204 131,60"
406,04.07.2018,"155 899,90"
407,03.07.2018,"270 705,44"
408,02.07.2018,"268 129,44"
409,29.06.2018,"218 567,89"
410,28.06.2018,"340 948,29"
411,27.06.2018,"342 202,32"
412,26.06.2018,"160 663,38"
413,25.06.2018,"177 581,00"
414,22.06.2018,"292 355,36"
415,21.06.2018,"232 565,28"
416,20.06.2018,"242 094,80"
417,19.06.2018,"186 841,03"
418,18.06.2018,"126 381,92"
419,15.06.2018,"271 036,49"
420,14.06.2018,"243 057,60"
421,13.06.2018,"247 605,00"
422,09.06.2018,"95 106,24"
423,08.06.2018,"148 725,60"
424,07.06.2018,"227 017,82"
425,06.06.2018,"174 538,08"
426,05.06.2018,"125 858,63"
427,04.06.2018,"231 844,42"
428,01.06.2018,"297 032,64"
429,31.05.2018,"178 527,70"
430,30.05.2018,"234 415,94"
431,29.05.2018,"244 580,04"
432,28.05.2018,"186 455,89"
433,25.05.2018,"184 830,47"
434,24.05.2018,"214 635,81"
435,23.05.2018,"226 143,17"
436,22.05.2018,"137 912,83"
437,21.05.2018,"148 626,65"
438,18.05.2018,"168 854,53"
439,17.05.2018,"149 131,77"
440,16.05.2018,"148 504,86"
441,15.05.2018,"126 548,87"
442,14.05.2018,"93 868,61"
443,11.05.2018,"207 226,17"
444,10.05.2018,"123 702,69"
445,08.05.2018,"153 211,34"
446,07.05.2018,"117 917,67"
447,04.05.2018,"173 490,91"
448,03.05.2018,"82 312,93"
449,28.04.2018,"168 984,40"
450,27.04.2018,"135 844,98"
451,26.04.2018,"164 561,60"
452,25.04.2018,"117 363,46"
453,24.04.2018,"124 602,95"
454,23.04.2018,"177 555,66"
455,20.04.2018,"222 209,61"
456,19.04.2018,"180 992,43"
457,18.04.2018,"212 845,61"
458,17.04.2018,"285 672,87"
459,16.04.2018,"255 017,49"
460,13.04.2018,"331 758,84"
461,12.04.2018,"260 711,19"
462,11.04.2018,"215 253,89"
463,10.04.2018,"118 464,89"
464,09.04.2018,"164 277,84"
465,06.04.2018,"153 534,31"
466,05.04.2018,"138 063,55"
467,04.04.2018,"213 175,55"
468,03.04.2018,"239 024,31"
469,02.04.2018,"338 006,30"
470,30.03.2018,"172 585,63"
471,29.03.2018,"217 192,84"
472,28.03.2018,"232 313,84"
473,27.03.2018,"178 537,80"
474,26.03.2018,"179 236,46"
475,23.03.2018,"194 081,38"
476,22.03.2018,"157 911,07"
477,21.03.2018,"238 325,18"
478,20.03.2018,"175 269,11"
479,19.03.2018,"204 870,36"
480,16.03.2018,"225 609,46"
481,15.03.2018,"361 175,82"
482,14.03.2018,"201 071,23"
483,13.03.2018,"134 973,11"
484,12.03.2018,"124 810,19"
485,07.03.2018,"264 330,92"
486,06.03.2018,"226 597,46"
487,05.03.2018,"144 311,86"
488,02.03.2018,"246 221,61"
489,01.03.2018,"250 678,02"
490,28.02.2018,"224 633,74"
491,27.02.2018,"253 298,26"
492,26.02.2018,"194 799,95"
493,22.02.2018,"241 418,79"
494,21.02.2018,"257 807,48"
495,20.02.2018,"234 141,22"
496,19.02.2018,"231 347,44"
497,16.02.2018,"251 973,95"
498,15.02.2018,"244 026,39"
499,14.02.2018,"192 524,96"
500,13.02.2018,"273 643,85"
501,12.02.2018,"248 416,14"
502,09.02.2018,"222 447,33"
503,08.02.2018,"223 423,87"
504,07.02.2018,"252 798,95"
505,06.02.2018,"190 897,21"
506,05.02.2018,"188 075,06"
507,02.02.2018,"196 009,44"
508,01.02.2018,"179 472,17"
509,31.01.2018,"285 034,01"
510,30.01.2018,"326 275,72"
511,29.01.2018,"280 219,96"
512,26.01.2018,"314 591,69"
513,25.01.2018,"344 946,08"
514,24.01.2018,"329 204,16"
515,23.01.2018,"310 660,96"
516,22.01.2018,"271 100,36"
517,19.01.2018,"259 716,03"
518,18.01.2018,"211 079,05"
519,17.01.2018,"261 061,51"
520,16.01.2018,"233 086,63"
521,15.01.2018,"223 542,04"
522,12.01.2018,"230 694,74"
523,11.01.2018,"336 536,19"
524,10.01.2018,"307 616,01"
525,09.01.2018,"132 861,18"
526,29.12.2017,"319 187,74"
527,28.12.2017,"238 457,04"
528,27.12.2017,"208 960,96"
529,26.12.2017,"183 350,89"
530,25.12.2017,"228 894,48"
531,22.12.2017,"213 272,16"
532,21.12.2017,"330 754,40"
533,20.12.2017,"208 773,18"
534,19.12.2017,"224 107,44"
535,18.12.2017,"180 612,28"
536,15.12.2017,"223 652,80"
537,14.12.2017,"217 684,64"
538,13.12.2017,"199 812,48"
539,12.12.2017,"225 500,14"
540,11.12.2017,"146 777,21"
541,08.12.2017,"470 295,93"
542,07.12.2017,"244 021,11"
543,06.12.2017,"206 226,38"
544,05.12.2017,"174 466,90"
545,04.12.2017,"172 092,07"
546,01.12.2017,"280 438,90"
547,30.11.2017,"178 610,40"
548,29.11.2017,"205 881,12"
549,28.11.2017,"166 145,20"
550,27.11.2017,"161 887,33"
551,24.11.2017,"256 106,05"
552,23.11.2017,"191 276,39"
553,22.11.2017,"201 196,28"
554,21.11.2017,"213 811,34"
555,20.11.2017,"218 358,87"
556,17.11.2017,"278 284,34"
557,16.11.2017,"234 604,65"
558,15.11.2017,"228 341,95"
559,14.11.2017,"247 224,06"
560,13.11.2017,"214 420,13"
561,10.11.2017,"216 837,28"
562,09.11.2017,"192 640,51"
563,08.11.2017,"245 299,15"
564,07.11.2017,"183 022,73"
565,03.11.2017,"284 041,10"
566,02.11.2017,"272 413,77"
567,01.11.2017,"197 543,48"
568,31.10.2017,"190 763,24"
569,30.10.2017,"239 021,47"
570,27.10.2017,"199 647,06"
571,26.10.2017,"226 864,10"
572,25.10.2017,"246 944,90"
573,24.10.2017,"204 912,54"
574,23.10.2017,"219 467,15"
575,20.10.2017,"309 868,58"
576,19.10.2017,"235 041,25"
577,18.10.2017,"215 607,75"
578,17.10.2017,"275 502,47"
579,16.10.2017,"314 783,18"
580,13.10.2017,"170 171,01"
581,12.10.2017,"155 555,51"
582,11.10.2017,"219 100,77"
583,10.10.2017,"243 133,69"
584,09.10.2017,"162 252,45"
585,06.10.2017,"152 459,92"
586,05.10.2017,"220 170,22"
587,04.10.2017,"185 131,76"
588,03.10.2017,"257 051,33"
589,02.10.2017,"216 322,86"
590,29.09.2017,"208 312,36"
591,28.09.2017,"233 218,26"
592,27.09.2017,"204 461,27"
593,26.09.2017,"233 696,80"
594,25.09.2017,"202 042,96"
595,22.09.2017,"269 030,72"
596,21.09.2017,"255 740,80"
597,20.09.2017,"255 752,06"
598,19.09.2017,"294 179,40"
599,18.09.2017,"321 880,64"
600,15.09.2017,"277 006,58"
601,14.09.2017,"232 524,70"
602,13.09.2017,"300 199,02"
603,12.09.2017,"186 224,62"
604,11.09.2017,"249 680,72"
605,08.09.2017,"285 717,14"
606,07.09.2017,"205 381,04"
607,06.09.2017,"210 055,93"
608,05.09.2017,"220 761,05"
609,04.09.2017,"126 898,76"
610,01.09.2017,"173 259,16"
611,31.08.2017,"180 654,57"
612,30.08.2017,"139 213,29"
613,29.08.2017,"137 981,45"
614,28.08.2017,"129 910,06"
615,25.08.2017,"147 639,72"
616,24.08.2017,"166 069,00"
617,23.08.2017,"255 482,42"
618,22.08.2017,"210 523,71"
619,21.08.2017,"215 393,41"
620,18.08.2017,"169 241,67"
621,17.08.2017,"169 750,40"
622,16.08.2017,"181 631,04"
623,15.08.2017,"211 563,80"
624,14.08.2017,"211 287,85"
625,11.08.2017,"251 820,51"
626,10.08.2017,"253 404,60"
627,09.08.2017,"292 507,27"
628,08.08.2017,"228 220,34"
629,07.08.2017,"222 340,67"
630,04.08.2017,"215 329,02"
631,03.08.2017,"193 303,75"
632,02.08.2017,"149 892,37"
633,01.08.2017,"156 093,84"
634,31.07.2017,"180 477,88"
635,28.07.2017,"242 975,54"
636,27.07.2017,"132 560,60"
637,26.07.2017,"147 133,11"
638,25.07.2017,"152 417,31"
639,24.07.2017,"185 216,95"
640,21.07.2017,"176 675,69"
641,20.07.2017,"162 364,32"
642,19.07.2017,"161 718,22"
643,18.07.2017,"170 473,89"
644,17.07.2017,"192 719,39"
645,14.07.2017,"213 628,10"
646,13.07.2017,"201 055,83"
647,12.07.2017,"222 841,97"
648,11.07.2017,"257 358,53"
649,10.07.2017,"193 416,69"
650,07.07.2017,"211 004,74"
651,06.07.2017,"208 331,46"
652,05.07.2017,"229 323,28"
653,04.07.2017,"189 325,92"
654,03.07.2017,"218 309,55"
655,30.06.2017,"254 393,74"
656,29.06.2017,"160 981,79"
657,28.06.2017,"180 618,01"
658,27.06.2017,"300 806,98"
659,26.06.2017,"193 460,87"
660,23.06.2017,"401 944,77"
661,22.06.2017,"241 765,18"
662,21.06.2017,"312 423,57"
663,20.06.2017,"209 061,77"
664,19.06.2017,"265 399,27"
665,16.06.2017,"302 854,47"
666,15.06.2017,"277 426,83"
667,14.06.2017,"250 055,84"
668,13.06.2017,"290 944,85"
669,09.06.2017,"323 557,83"
670,08.06.2017,"288 911,63"
671,07.06.2017,"249 610,24"
672,06.06.2017,"308 963,65"
673,05.06.2017,"291 625,61"
674,02.06.2017,"243 687,71"
675,01.06.2017,"225 483,26"
676,31.05.2017,"241 414,60"
677,30.05.2017,"205 093,04"
678,29.05.2017,"195 996,22"
679,26.05.2017,"222 257,92"
680,25.05.2017,"200 498,43"
681,24.05.2017,"272 821,46"
682,23.05.2017,"206 062,32"
683,22.05.2017,"224 584,97"
684,19.05.2017,"208 933,85"
685,18.05.2017,"242 040,59"
686,17.05.2017,"176 439,92"
687,16.05.2017,"190 706,04"
688,15.05.2017,"155 996,73"
689,12.05.2017,"194 382,85"
690,11.05.2017,"214 845,84"
691,10.05.2017,"234 953,60"
692,05.05.2017,"306 632,45"
693,04.05.2017,"354 409,71"
694,03.05.2017,"283 990,39"
695,02.05.2017,"261 113,92"
696,28.04.2017,"251 004,45"
697,27.04.2017,"275 777,54"
698,26.04.2017,"205 180,32"
699,25.04.2017,"233 095,10"
700,24.04.2017,"262 055,42"
701,21.04.2017,"204 420,48"
702,20.04.2017,"193 040,31"
703,19.04.2017,"189 081,62"
704,18.04.2017,"206 056,97"
705,17.04.2017,"234 215,02"
706,14.04.2017,"222 782,59"
707,13.04.2017,"215 625,31"
708,12.04.2017,"250 660,37"
709,11.04.2017,"220 630,02"
710,10.04.2017,"204 342,31"
711,07.04.2017,"173 302,91"
712,06.04.2017,"261 227,37"
713,05.04.2017,"247 231,65"
714,04.04.2017,"293 293,36"
715,03.04.2017,"313 770,04"
716,31.03.2017,"226 332,54"
717,30.03.2017,"244 872,14"
718,29.03.2017,"237 024,21"
719,28.03.2017,"205 540,55"
720,27.03.2017,"259 589,77"
721,24.03.2017,"252 545,58"
722,23.03.2017,"244 530,41"
723,22.03.2017,"264 753,06"
724,21.03.2017,"234 336,61"
725,20.03.2017,"236 256,19"
726,17.03.2017,"175 947,49"
727,16.03.2017,"214 833,94"
728,15.03.2017,"183 063,00"
729,14.03.2017,"164 857,21"
730,13.03.2017,"170 290,09"
731,10.03.2017,"165 238,65"
732,09.03.2017,"141 288,00"
733,07.03.2017,"381 530,00"
734,06.03.2017,"239 116,58"
735,03.03.2017,"246 951,37"
736,02.03.2017,"300 519,12"
737,01.03.2017,"250 546,80"
738,28.02.2017,"240 132,25"
739,27.02.2017,"244 113,08"
740,22.02.2017,"274 804,33"
741,21.02.2017,"197 163,02"
742,20.02.2017,"142 435,59"
743,17.02.2017,"149 109,96"
744,16.02.2017,"136 642,36"
745,15.02.2017,"173 508,86"
746,14.02.2017,"155 047,11"
747,13.02.2017,"156 808,04"
748,10.02.2017,"184 732,76"
749,09.02.2017,"169 558,52"
750,08.02.2017,"187 021,09"
751,07.02.2017,"153 622,81"
752,06.02.2017,"207 349,39"
753,03.02.2017,"190 163,21"
754,02.02.2017,"223 609,98"
755,01.02.2017,"225 894,48"
756,31.01.2017,"178 400,90"
757,30.01.2017,"170 574,48"
758,27.01.2017,"162 705,54"
759,26.01.2017,"188 195,62"
760,25.01.2017,"193 220,21"
761,24.01.2017,"172 730,04"
762,23.01.2017,"166 772,13"
763,20.01.2017,"194 055,02"
764,19.01.2017,"245 404,05"
765,18.01.2017,"261 760,04"
766,17.01.2017,"230 265,25"
767,16.01.2017,"203 057,83"
768,13.01.2017,"211 577,60"
769,12.01.2017,"243 043,69"
770,11.01.2017,"282 671,71"
771,10.01.2017,"441 627,13"
772,09.01.2017,"408 341,96"
773,30.12.2016,"149 906,59"
774,29.12.2016,"175 125,50"
775,28.12.2016,"322 989,06"
776,27.12.2016,"243 069,64"
777,26.12.2016,"278 588,26"
778,23.12.2016,"312 310,56"
779,22.12.2016,"321 307,09"
780,21.12.2016,"308 578,52"
781,20.12.2016,"235 619,73"
782,19.12.2016,"405 937,88"
783,16.12.2016,"343 468,78"
784,15.12.2016,"401 502,08"
785,14.12.2016,"248 507,62"
786,13.12.2016,"278 927,88"
787,12.12.2016,"248 812,27"
788,09.12.2016,"272 117,39"
789,08.12.2016,"252 118,59"
790,07.12.2016,"268 634,33"
791,06.12.2016,"214 314,29"
792,05.12.2016,"204 617,79"
793,02.12.2016,"203 322,36"
794,01.12.2016,"256 256,96"
795,30.11.2016,"175 360,71"
796,29.11.2016,"170 463,39"
797,28.11.2016,"206 427,75"
798,25.11.2016,"216 700,48"
799,24.11.2016,"280 170,00"
800,23.11.2016,"334 552,24"
801,22.11.2016,"348 819,61"
802,21.11.2016,"308 292,11"
803,18.11.2016,"371 114,78"
804,17.11.2016,"237 828,25"
805,16.11.2016,"247 995,13"
806,15.11.2016,"239 112,53"
807,14.11.2016,"274 833,35"
808,11.11.2016,"255 185,06"
809,10.11.2016,"263 325,74"
810,09.11.2016,"296 588,24"
811,08.11.2016,"106 292,22"
812,07.11.2016,"148 555,86"
813,03.11.2016,"182 689,22"
814,02.11.2016,"160 833,82"
815,01.11.2016,"200 857,61"
816,31.10.2016,"202 650,75"
817,28.10.2016,"242 609,24"
818,27.10.2016,"207 165,81"
819,26.10.2016,"195 659,73"
820,25.10.2016,"208 369,03"
821,24.10.2016,"233 980,94"
822,21.10.2016,"397 986,65"
823,20.10.2016,"268 016,44"
824,19.10.2016,"451 817,90"
825,18.10.2016,"295 709,37"
826,17.10.2016,"317 944,50"
827,14.10.2016,"422 281,34"
828,13.10.2016,"354 420,34"
829,12.10.2016,"396 132,29"
830,11.10.2016,"208 567,96"
831,10.10.2016,"213 549,60"
832,07.10.2016,"224 643,38"
833,06.10.2016,"212 854,28"
834,05.10.2016,"230 389,09"
835,04.10.2016,"279 968,16"
836,03.10.2016,"289 067,84"
837,30.09.2016,"249 232,28"
838,29.09.2016,"203 120,30"
839,28.09.2016,"203 838,19"
840,27.09.2016,"272 094,31"
841,26.09.2016,"239 746,22"
842,23.09.2016,"326 183,30"
843,22.09.2016,"299 474,56"
844,21.09.2016,"252 790,49"
845,20.09.2016,"181 529,36"
846,19.09.2016,"251 742,40"
847,16.09.2016,"193 301,09"
848,15.09.2016,"174 808,64"
849,14.09.2016,"205 081,33"
850,13.09.2016,"241 357,60"
851,12.09.2016,"271 274,57"
852,09.09.2016,"307 471,91"
853,08.09.2016,"264 951,02"
854,07.09.2016,"247 067,08"
855,06.09.2016,"266 247,26"
856,05.09.2016,"210 118,83"
857,02.09.2016,"202 996,98"
858,01.09.2016,"252 679,42"
859,31.08.2016,"253 232,12"
860,30.08.2016,"230 694,42"
861,29.08.2016,"199 195,68"
862,26.08.2016,"217 869,57"
863,25.08.2016,"216 552,31"
864,24.08.2016,"300 010,77"
865,23.08.2016,"309 302,61"
866,22.08.2016,"300 658,58"
867,19.08.2016,"302 269,21"
868,18.08.2016,"327 364,14"
869,17.08.2016,"328 478,40"
870,16.08.2016,"326 337,15"
871,15.08.2016,"322 626,55"
872,12.08.2016,"307 542,59"
873,11.08.2016,"294 724,23"
874,10.08.2016,"339 802,67"
875,09.08.2016,"343 499,73"
876,08.08.2016,"257 419,08"
877,05.08.2016,"281 416,42"
878,04.08.2016,"274 203,49"
879,03.08.2016,"257 980,37"
880,02.08.2016,"270 189,83"
881,01.08.2016,"342 889,15"
882,29.07.2016,"293 743,01"
883,28.07.2016,"338 360,26"
884,27.07.2016,"291 704,75"
885,26.07.2016,"273 887,33"
886,25.07.2016,"226 275,73"
887,22.07.2016,"219 997,23"
888,21.07.2016,"312 207,17"
889,20.07.2016,"281 668,89"
890,19.07.2016,"344 755,77"
891,18.07.2016,"301 743,21"
892,15.07.2016,"381 746,55"
893,14.07.2016,"248 319,49"
894,13.07.2016,"293 801,68"
895,12.07.2016,"253 867,67"
896,11.07.2016,"250 805,40"
897,08.07.2016,"234 941,56"
898,07.07.2016,"294 475,29"
899,06.07.2016,"255 314,06"
900,05.07.2016,"230 218,44"
901,04.07.2016,"303 699,34"
902,01.07.2016,"279 305,87"
903,30.06.2016,"301 686,81"
904,29.06.2016,"296 899,10"
905,28.06.2016,"301 351,34"
906,27.06.2016,"292 464,88"
907,24.06.2016,"256 842,14"
908,23.06.2016,"226 796,45"
909,22.06.2016,"212 712,40"
910,21.06.2016,"246 268,26"
911,20.06.2016,"303 334,18"
912,17.06.2016,"249 953,23"
913,16.06.2016,"186 214,43"
914,15.06.2016,"229 978,89"
915,14.06.2016,"231 187,48"
916,10.06.2016,"210 567,25"
917,09.06.2016,"213 730,62"
918,08.06.2016,"214 683,23"
919,07.06.2016,"215 325,24"
920,06.06.2016,"208 010,26"
921,03.06.2016,"186 385,48"
922,02.06.2016,"216 916,41"
923,01.06.2016,"209 386,58"
924,31.05.2016,"223 721,94"
925,30.05.2016,"163 738,80"
926,27.05.2016,"256 680,52"
927,26.05.2016,"235 714,05"
928,25.05.2016,"174 969,40"
929,24.05.2016,"216 649,06"
930,23.05.2016,"228 064,98"
931,20.05.2016,"241 947,80"
932,19.05.2016,"233 119,54"
933,18.05.2016,"251 541,86"
934,17.05.2016,"197 451,50"
935,16.05.2016,"214 552,37"
936,13.05.2016,"180 347,27"
937,12.05.2016,"208 890,76"
938,11.05.2016,"211 866,01"
939,10.05.2016,"155 275,30"
940,06.05.2016,"208 835,58"
941,05.05.2016,"165 388,60"
942,04.05.2016,"184 269,24"
943,29.04.2016,"178 682,45"
944,28.04.2016,"210 507,52"
945,27.04.2016,"149 868,50"
946,26.04.2016,"144 276,53"
947,25.04.2016,"159 233,96"
948,22.04.2016,"220 765,55"
949,21.04.2016,"214 482,66"
950,20.04.2016,"214 045,68"
951,19.04.2016,"211 902,15"
952,18.04.2016,"194 984,75"
953,15.04.2016,"274 577,41"
954,14.04.2016,"260 329,22"
955,13.04.2016,"185 921,70"
956,12.04.2016,"196 205,09"
957,11.04.2016,"197 568,64"
958,08.04.2016,"172 747,93"
959,07.04.2016,"233 736,76"
960,06.04.2016,"240 649,01"
961,05.04.2016,"137 783,28"
962,04.04.2016,"218 751,91"
963,01.04.2016,"320 826,03"
964,31.03.2016,"290 456,89"
965,30.03.2016,"255 334,03"
966,29.03.2016,"276 781,55"
967,28.03.2016,"278 653,41"
968,25.03.2016,"306 865,95"
969,24.03.2016,"360 912,60"
970,23.03.2016,"279 083,09"
971,22.03.2016,"255 218,97"
972,21.03.2016,"286 792,31"
973,18.03.2016,"316 866,32"
974,17.03.2016,"327 747,36"
975,16.03.2016,"286 193,42"
976,15.03.2016,"311 485,68"
977,14.03.2016,"247 602,95"
978,11.03.2016,"333 961,62"
979,10.03.2016,"303 650,45"
980,09.03.2016,"390 280,50"
981,04.03.2016,"357 822,03"
982,03.03.2016,"267 081,20"
983,02.03.2016,"262 638,09"
984,01.03.2016,"313 286,45"
985,29.02.2016,"215 928,06"
986,26.02.2016,"323 168,04"
987,25.02.2016,"299 804,68"
988,24.02.2016,"350 044,82"
989,20.02.2016,"255 918,68"
990,19.02.2016,"294 002,52"
991,18.02.2016,"311 405,03"
992,17.02.2016,"276 054,98"
993,16.02.2016,"266 868,88"
994,15.02.2016,"284 658,75"
995,12.02.2016,"293 495,53"
996,11.02.2016,"271 595,22"
997,10.02.2016,"282 822,92"
998,09.02.2016,"207 946,64"
999,08.02.2016,"216 431,40"
1000,05.02.2016,"271 353,97"
1001,04.02.2016,"242 717,06"
1002,03.02.2016,"280 700,51"
1003,02.02.2016,"249 009,25"
1004,01.02.2016,"279 038,15"
1005,29.01.2016,"292 194,37"
1006,28.01.2016,"244 289,07"
1007,27.01.2016,"317 096,06"
1008,26.01.2016,"403 148,47"
1009,25.01.2016,"425 835,01"
1010,22.01.2016,"530 208,67"
1011,21.01.2016,"487 350,68"
1012,20.01.2016,"465 159,59"
1013,19.01.2016,"515 296,60"
1014,18.01.2016,"420 490,05"
1015,15.01.2016,"370 668,92"
1016,14.01.2016,"401 040,06"
1017,13.01.2016,"408 524,16"
1018,12.01.2016,"511 584,97"
1019,11.01.2016,"446 784,47"
1020,31.12.2015,"179 427,41"
1021,30.12.2015,"96 125,10"
1022,29.12.2015,"430 409,42"
1023,28.12.2015,"369 701,62"
1024,25.12.2015,"364 202,01"
1025,24.12.2015,"365 998,16"
1026,23.12.2015,"427 754,73"
1027,22.12.2015,"428 544,73"
1028,21.12.2015,"416 508,56"
1029,18.12.2015,"373 194,93"
1030,17.12.2015,"401 646,84"
1031,16.12.2015,"319 161,23"
1032,15.12.2015,"342 156,61"
1033,14.12.2015,"362 625,84"
1034,11.12.2015,"374 196,39"
1035,10.12.2015,"413 503,31"
1036,09.12.2015,"340 848,62"
1037,08.12.2015,"224 360,70"
1038,07.12.2015,"254 759,68"
1039,04.12.2015,"306 597,54"
1040,03.12.2015,"369 715,51"
1041,02.12.2015,"408 139,66"
1042,01.12.2015,"439 449,73"
1043,30.11.2015,"324 708,72"
1044,27.11.2015,"322 430,17"
1045,26.11.2015,"318 138,40"
1046,25.11.2015,"213 135,60"
1047,24.11.2015,"362 573,72"
1048,23.11.2015,"303 998,02"
1049,20.11.2015,"314 713,80"
1050,19.11.2015,"283 047,61"
1051,18.11.2015,"304 702,76"
1052,17.11.2015,"348 836,51"
1053,16.11.2015,"272 341,52"
1054,13.11.2015,"376 253,61"
1055,12.11.2015,"356 405,72"
1056,11.11.2015,"197 485,50"
1057,10.11.2015,"262 438,04"
1058,09.11.2015,"266 149,80"
1059,06.11.2015,"301 809,38"
1060,05.11.2015,"257 864,20"
1061,03.11.2015,"325 785,73"
1062,02.11.2015,"358 306,34"
1063,30.10.2015,"347 824,48"
1064,29.10.2015,"328 297,72"
1065,28.10.2015,"268 361,77"
1066,27.10.2015,"224 052,44"
1067,26.10.2015,"321 089,98"
1068,23.10.2015,"328 778,97"
1069,22.10.2015,"374 612,52"
1070,21.10.2015,"391 300,76"
1071,20.10.2015,"390 730,36"
1072,19.10.2015,"400 861,96"
1073,16.10.2015,"394 868,67"
1074,15.10.2015,"356 147,97"
1075,14.10.2015,"351 238,79"
1076,13.10.2015,"332 569,95"
1077,12.10.2015,"328 547,92"
1078,09.10.2015,"283 047,46"
1079,08.10.2015,"332 879,61"
1080,07.10.2015,"294 162,42"
1081,06.10.2015,"318 897,18"
1082,05.10.2015,"337 015,48"
1083,02.10.2015,"379 704,14"
1084,01.10.2015,"291 761,41"
1085,30.09.2015,"322 217,10"
1086,29.09.2015,"233 521,79"
1087,28.09.2015,"172 352,76"
1088,25.09.2015,"258 890,50"
1089,24.09.2015,"212 040,40"
1090,23.09.2015,"246 484,45"
1091,22.09.2015,"265 279,71"
1092,21.09.2015,"235 625,32"
1093,18.09.2015,"242 069,92"
1094,17.09.2015,"248 592,28"
1095,16.09.2015,"391 531,93"
1096,15.09.2015,"349 815,60"
1097,14.09.2015,"340 246,08"
1098,11.09.2015,"359 841,66"
1099,10.09.2015,"429 839,17"
1100,09.09.2015,"201 663,13"
1101,08.09.2015,"282 165,31"
1102,07.09.2015,"316 629,18"
1103,04.09.2015,"277 807,56"
1104,03.09.2015,"273 667,01"
1105,02.09.2015,"345 681,23"
1106,01.09.2015,"384 776,15"
1107,31.08.2015,"317 225,85"
1108,28.08.2015,"283 344,80"
1109,27.08.2015,"242 477,96"
1110,26.08.2015,"213 246,71"
1111,25.08.2015,"202 517,95"
1112,24.08.2015,"248 685,67"
1113,21.08.2015,"224 489,50"
1114,20.08.2015,"249 720,77"
1115,19.08.2015,"253 674,91"
1116,18.08.2015,"269 966,18"
1117,17.08.2015,"253 416,66"
1118,14.08.2015,"239 440,39"
1119,13.08.2015,"249 818,52"
1120,12.08.2015,"243 692,15"
1121,11.08.2015,"239 125,25"
1122,10.08.2015,"226 474,63"
1123,07.08.2015,"172 712,94"
1124,06.08.2015,"282 606,62"
1125,05.08.2015,"281 279,98"
1126,04.08.2015,"240 824,46"
1127,03.08.2015,"251 498,65"
1128,31.07.2015,"353 118,58"
1129,30.07.2015,"322 084,46"
1130,29.07.2015,"360 299,55"
1131,28.07.2015,"264 204,13"
1132,27.07.2015,"248 869,36"
1133,24.07.2015,"257 210,95"
1134,23.07.2015,"255 395,63"
1135,22.07.2015,"265 356,69"
1136,21.07.2015,"268 077,94"
1137,20.07.2015,"242 142,76"
1138,17.07.2015,"257 955,13"
1139,16.07.2015,"227 176,15"
1140,15.07.2015,"214 742,50"
1141,14.07.2015,"239 314,35"
1142,13.07.2015,"221 530,29"
1143,10.07.2015,"174 714,44"
1144,09.07.2015,"138 252,77"
1145,08.07.2015,"157 128,59"
1146,07.07.2015,"162 422,57"
1147,06.07.2015,"229 729,34"
1148,03.07.2015,"221 885,64"
1149,02.07.2015,"244 391,42"
1150,01.07.2015,"251 874,34"
1151,30.06.2015,"251 173,05"
1152,29.06.2015,"217 325,78"
1153,26.06.2015,"203 706,29"
1154,25.06.2015,"229 404,21"
1155,24.06.2015,"223 274,58"
1156,23.06.2015,"177 285,49"
1157,22.06.2015,"165 632,39"
1158,19.06.2015,"158 849,41"
1159,18.06.2015,"176 529,60"
1160,17.06.2015,"193 271,80"
1161,16.06.2015,"204 281,13"
1162,15.06.2015,"236 263,59"
1163,11.06.2015,"276 953,20"
1164,10.06.2015,"225 135,83"
1165,09.06.2015,"139 856,14"
1166,08.06.2015,"161 880,98"
1167,05.06.2015,"186 419,47"
1168,04.06.2015,"192 569,48"
1169,03.06.2015,"250 249,05"
1170,02.06.2015,"263 076,11"
1171,01.06.2015,"220 011,49"
1172,29.05.2015,"244 156,06"
1173,28.05.2015,"218 765,48"
1174,27.05.2015,"167 025,84"
1175,26.05.2015,"129 765,96"
1176,25.05.2015,"128 312,16"
1177,22.05.2015,"160 941,80"
1178,21.05.2015,"124 438,77"
1179,20.05.2015,"118 099,23"
1180,19.05.2015,"104 480,74"
1181,18.05.2015,"106 142,53"
1182,15.05.2015,"127 343,75"
1183,14.05.2015,"155 438,41"
1184,13.05.2015,"126 400,58"
1185,12.05.2015,"125 483,25"
1186,08.05.2015,"131 151,16"
1187,07.05.2015,"150 030,52"
1188,06.05.2015,"214 871,79"
1189,05.05.2015,"265 483,39"
1190,30.04.2015,"187 305,96"
1191,29.04.2015,"180 452,00"
1192,28.04.2015,"196 851,20"
1193,27.04.2015,"189 946,39"
1194,24.04.2015,"244 486,57"
1195,23.04.2015,"137 622,12"
1196,22.04.2015,"175 899,48"
1197,21.04.2015,"209 452,00"
1198,20.04.2015,"213 202,81"
1199,17.04.2015,"192 078,91"
1200,16.04.2015,"201 959,60"
1201,15.04.2015,"188 174,24"
1202,14.04.2015,"211 378,51"
1203,13.04.2015,"184 105,65"
1204,10.04.2015,"196 745,67"
1205,09.04.2015,"191 832,40"
1206,08.04.2015,"258 364,81"
1207,07.04.2015,"240 182,97"
1208,06.04.2015,"220 156,39"
1209,03.04.2015,"229 535,17"
1210,02.04.2015,"187 069,80"
1211,01.04.2015,"198 823,38"
1212,31.03.2015,"171 022,26"
1213,30.03.2015,"179 781,83"
1214,27.03.2015,"291 932,97"
1215,26.03.2015,"190 279,12"
1216,25.03.2015,"238 600,89"
1217,24.03.2015,"202 483,01"
1218,23.03.2015,"201 550,16"
1219,20.03.2015,"244 243,39"
1220,19.03.2015,"226 958,43"
1221,18.03.2015,"231 073,67"
1222,17.03.2015,"220 788,75"
1223,16.03.2015,"236 432,15"
1224,13.03.2015,"170 353,54"
1225,12.03.2015,"172 630,19"
1226,11.03.2015,"189 248,17"
1227,10.03.2015,"224 146,84"
1228,06.03.2015,"227 097,07"
1229,05.03.2015,"196 825,83"
1230,04.03.2015,"228 286,03"
1231,03.03.2015,"192 725,29"
1232,02.03.2015,"203 772,83"
1233,27.02.2015,"232 545,66"
1234,26.02.2015,"210 710,46"
1235,25.02.2015,"230 412,55"
1236,24.02.2015,"230 390,45"
1237,20.02.2015,"228 653,11"
1238,19.02.2015,"226 393,88"
1239,18.02.2015,"258 156,61"
1240,17.02.2015,"275 685,58"
1241,16.02.2015,"235 297,90"
1242,13.02.2015,"337 326,88"
1243,12.02.2015,"368 267,93"
1244,11.02.2015,"309 106,98"
1245,10.02.2015,"220 045,18"
1246,09.02.2015,"262 420,10"
1247,06.02.2015,"285 983,65"
1248,05.02.2015,"289 855,00"
1249,04.02.2015,"395 597,36"
1250,03.02.2015,"325 935,62"
1251,02.02.2015,"235 871,01"
1252,30.01.2015,"248 783,15"
1253,29.01.2015,"296 584,48"
1254,28.01.2015,"243 645,78"
1255,27.01.2015,"317 751,05"
1256,26.01.2015,"297 183,85"
1257,23.01.2015,"258 869,76"
1258,22.01.2015,"280 315,76"
1259,21.01.2015,"264 638,71"
1260,20.01.2015,"353 068,35"
1261,19.01.2015,"366 670,32"
1262,16.01.2015,"390 771,96"
1263,15.01.2015,"364 920,51"
1264,14.01.2015,"378 656,63"
1265,13.01.2015,"376 832,99"
1266,12.01.2015,"421 066,88"
1267,31.12.2014,"174 861,97"
1268,30.12.2014,"176 437,76"
1269,29.12.2014,"332 858,43"
1270,26.12.2014,"316 757,98"
1271,25.12.2014,"164 782,24"
1272,24.12.2014,"221 540,60"
1273,23.12.2014,"377 667,00"
1274,22.12.2014,"286 603,66"
1275,19.12.2014,"324 237,57"
1276,18.12.2014,"226 494,06"
1277,17.12.2014,"341 247,05"
1278,16.12.2014,"317 211,50"
1279,15.12.2014,"485 216,85"
1280,12.12.2014,"501 610,81"
1281,11.12.2014,"446 960,51"
1282,10.12.2014,"378 270,61"
1283,09.12.2014,"356 066,94"
1284,08.12.2014,"333 687,26"
1285,05.12.2014,"337 659,73"
1286,04.12.2014,"310 180,78"
1287,03.12.2014,"339 511,75"
1288,02.12.2014,"347 040,13"
1289,01.12.2014,"369 853,73"
1290,28.11.2014,"307 237,55"
1291,27.11.2014,"245 100,05"
1292,26.11.2014,"242 146,67"
1293,25.11.2014,"270 488,44"
1294,24.11.2014,"284 124,89"
1295,21.11.2014,"257 986,47"
1296,20.11.2014,"203 643,28"
1297,19.11.2014,"234 059,13"
1298,18.11.2014,"244 932,06"
1299,17.11.2014,"282 806,27"
1300,14.11.2014,"272 069,34"
1301,13.11.2014,"276 171,61"
1302,12.11.2014,"303 777,22"
1303,11.11.2014,"256 262,72"
1304,10.11.2014,"282 136,22"
1305,07.11.2014,"277 528,26"
1306,06.11.2014,"300 280,46"
1307,05.11.2014,"274 794,87"
1308,31.10.2014,"249 848,14"
1309,30.10.2014,"194 620,22"
1310,29.10.2014,"262 336,43"
1311,28.10.2014,"264 170,84"
1312,27.10.2014,"295 223,67"
1313,24.10.2014,"347 840,06"
1314,23.10.2014,"244 696,22"
1315,22.10.2014,"221 760,58"
1316,21.10.2014,"330 904,63"
1317,20.10.2014,"311 745,06"
1318,17.10.2014,"265 993,30"
1319,16.10.2014,"290 192,65"
1320,15.10.2014,"284 398,13"
1321,14.10.2014,"277 597,35"
1322,13.10.2014,"258 842,29"
1323,10.10.2014,"285 415,01"
1324,09.10.2014,"252 123,60"
1325,08.10.2014,"234 958,90"
1326,07.10.2014,"210 762,80"
1327,06.10.2014,"178 284,60"
1328,03.10.2014,"202 916,14"
1329,02.10.2014,"271 650,14"
1330,01.10.2014,"265 721,63"
1331,30.09.2014,"242 062,43"
1332,29.09.2014,"306 026,47"
1333,26.09.2014,"244 704,39"
1334,25.09.2014,"242 109,41"
1335,24.09.2014,"296 385,42"
1336,23.09.2014,"285 531,48"
1337,22.09.2014,"245 871,37"
1338,19.09.2014,"284 174,65"
1339,18.09.2014,"243 922,24"
1340,17.09.2014,"318 275,30"
1341,16.09.2014,"305 583,94"
1342,15.09.2014,"256 874,82"
1343,12.09.2014,"259 356,97"
1344,11.09.2014,"253 124,70"
1345,10.09.2014,"225 475,64"
1346,09.09.2014,"198 162,82"
1347,08.09.2014,"223 675,42"
1348,05.09.2014,"233 588,05"
1349,04.09.2014,"302 759,31"
1350,03.09.2014,"347 480,81"
1351,02.09.2014,"316 615,11"
1352,01.09.2014,"307 223,06"
1353,29.08.2014,"247 350,33"
1354,28.08.2014,"304 903,70"
1355,27.08.2014,"316 543,95"
1356,26.08.2014,"267 369,64"
1357,25.08.2014,"256 997,02"
1358,22.08.2014,"218 799,78"
1359,21.08.2014,"260 381,64"
1360,20.08.2014,"220 662,34"
1361,19.08.2014,"196 357,56"
1362,18.08.2014,"196 546,38"
1363,15.08.2014,"219 646,91"
1364,14.08.2014,"186 093,79"
1365,13.08.2014,"219 997,88"
1366,12.08.2014,"228 283,86"
1367,11.08.2014,"166 493,21"
1368,08.08.2014,"152 059,78"
1369,07.08.2014,"122 821,60"
1370,06.08.2014,"146 656,94"
1371,05.08.2014,"103 895,00"
1372,04.08.2014,"128 398,70"
1373,01.08.2014,"154 249,54"
1374,31.07.2014,"179 282,70"
1375,30.07.2014,"170 681,45"
1376,29.07.2014,"101 174,46"
1377,28.07.2014,"133 914,40"
1378,25.07.2014,"123 270,29"
1379,24.07.2014,"149 903,45"
1380,23.07.2014,"120 620,98"
1381,22.07.2014,"130 992,53"
1382,21.07.2014,"150 906,05"
1383,18.07.2014,"129 904,10"
1384,17.07.2014,"139 181,79"
1385,16.07.2014,"133 386,40"
1386,15.07.2014,"152 566,09"
1387,14.07.2014,"151 009,60"
1388,11.07.2014,"143 878,87"
1389,10.07.2014,"185 123,02"
1390,09.07.2014,"179 833,99"
1391,08.07.2014,"164 501,90"
1392,07.07.2014,"180 659,39"
1393,04.07.2014,"207 426,18"
1394,03.07.2014,"171 625,20"
1395,02.07.2014,"196 370,92"
1396,01.07.2014,"227 460,47"
1397,30.06.2014,"157 799,12"
1398,27.06.2014,"150 886,82"
1399,26.06.2014,"113 011,72"
1400,25.06.2014,"123 262,00"
1401,24.06.2014,"138 547,55"
1402,23.06.2014,"123 726,64"
1403,20.06.2014,"130 149,80"
1404,19.06.2014,"108 766,04"
1405,18.06.2014,"110 624,81"
1406,17.06.2014,"118 235,07"
1407,16.06.2014,"143 471,47"
1408,11.06.2014,"119 482,53"
1409,10.06.2014,"120 764,95"
1410,09.06.2014,"108 128,38"
1411,06.06.2014,"121 165,46"
1412,05.06.2014,"107 768,81"
1413,04.06.2014,"172 556,76"
1414,03.06.2014,"187 841,07"
1415,02.06.2014,"220 917,64"
1416,30.05.2014,"210 260,26"
1417,29.05.2014,"160 362,29"
1418,28.05.2014,"207 150,47"
1419,27.05.2014,"206 301,82"
1420,26.05.2014,"187 383,30"
1421,23.05.2014,"207 834,70"
1422,22.05.2014,"112 219,54"
1423,21.05.2014,"99 969,47"
1424,20.05.2014,"124 761,95"
1425,19.05.2014,"116 095,84"
1426,16.05.2014,"124 752,71"
1427,15.05.2014,"110 129,66"
1428,14.05.2014,"131 475,27"
1429,13.05.2014,"144 328,57"
1430,12.05.2014,"174 310,39"
1431,08.05.2014,"146 955,85"
1432,07.05.2014,"150 638,52"
1433,06.05.2014,"170 459,35"
1434,05.05.2014,"162 525,25"
1435,30.04.2014,"179 620,49"
1436,29.04.2014,"154 091,58"
1437,28.04.2014,"178 116,80"
1438,25.04.2014,"151 197,02"
1439,24.04.2014,"194 000,93"
1440,23.04.2014,"150 745,02"
1441,22.04.2014,"157 155,92"
1442,21.04.2014,"138 140,06"
1443,18.04.2014,"149 932,10"
1444,17.04.2014,"154 814,30"
1445,16.04.2014,"138 559,98"
1446,15.04.2014,"134 039,59"
1447,14.04.2014,"138 988,46"
1448,11.04.2014,"177 999,30"
1449,10.04.2014,"163 886,42"
1450,09.04.2014,"160 993,29"
1451,08.04.2014,"220 900,30"
1452,07.04.2014,"235 626,42"
1453,04.04.2014,"227 367,47"
1454,03.04.2014,"163 380,34"
1455,02.04.2014,"144 090,75"
1456,01.04.2014,"146 597,97"
1457,31.03.2014,"135 012,82"
1458,28.03.2014,"84 419,02"
1459,27.03.2014,"111 423,60"
1460,26.03.2014,"182 308,85"
1461,25.03.2014,"98 289,38"
1462,24.03.2014,"186 101,23"
1463,21.03.2014,"140 188,47"
1464,20.03.2014,"119 276,00"
1465,19.03.2014,"128 564,56"
1466,18.03.2014,"149 520,94"
1467,17.03.2014,"152 690,70"
1468,14.03.2014,"186 632,89"
1469,13.03.2014,"108 452,89"
1470,12.03.2014,"99 713,84"
1471,11.03.2014,"99 561,55"
1472,07.03.2014,"111 582,40"
1473,06.03.2014,"104 218,17"
1474,05.03.2014,"111 195,16"
1475,04.03.2014,"164 242,30"
1476,03.03.2014,"111 016,65"
1477,28.02.2014,"143 061,71"
1478,27.02.2014,"127 077,54"
1479,26.02.2014,"129 967,52"
1480,25.02.2014,"115 736,67"
1481,24.02.2014,"120 114,77"
1482,21.02.2014,"102 068,98"
1483,20.02.2014,"105 535,60"
1484,19.02.2014,"123 674,22"
1485,18.02.2014,"98 193,03"
1486,17.02.2014,"120 468,85"
1487,14.02.2014,"100 997,91"
1488,13.02.2014,"96 243,72"
1489,12.02.2014,"125 786,77"
1490,11.02.2014,"123 110,45"
1491,10.02.2014,"152 576,70"
1492,07.02.2014,"214 871,93"
1493,06.02.2014,"177 530,20"
1494,05.02.2014,"133 146,90"
1495,04.02.2014,"135 801,14"
1496,03.02.2014,"155 401,26"
1497,31.01.2014,"162 911,20"
1498,30.01.2014,"150 035,05"
1499,29.01.2014,"185 304,25"
1500,28.01.2014,"179 583,86"
1501,27.01.2014,"164 520,64"
1502,24.01.2014,"173 617,54"
1503,23.01.2014,"128 058,99"
1504,22.01.2014,"110 632,67"
1505,21.01.2014,"126 494,12"
1506,20.01.2014,"145 335,41"
1507,17.01.2014,"117 535,28"
1508,16.01.2014,"115 801,11"
1509,15.01.2014,"136 465,18"
1510,14.01.2014,"240 799,04"
1511,13.01.2014,"234 181,16"
1512,10.01.2014,"245 497,91"
1513,09.01.2014,"284 175,76"
1514,31.12.2013,"61 853,48"
1515,30.12.2013,"98 443,77"
1516,27.12.2013,"378 498,77"
1517,26.12.2013,"349 197,55"
1518,25.12.2013,"364 551,37"
1519,24.12.2013,"281 802,60"
1520,23.12.2013,"235 814,71"
1521,20.12.2013,"269 701,20"
1522,19.12.2013,"244 357,56"
1523,18.12.2013,"279 628,88"
1524,17.12.2013,"277 059,14"
1525,16.12.2013,"242 333,40"
1526,13.12.2013,"287 658,61"
1527,12.12.2013,"247 225,67"
1528,11.12.2013,"224 076,90"
1529,10.12.2013,"234 264,93"
1530,09.12.2013,"232 252,56"
1531,06.12.2013,"346 208,57"
1532,05.12.2013,"253 955,30"
1533,04.12.2013,"264 097,62"
1534,03.12.2013,"304 565,99"
1535,02.12.2013,"256 530,07"
1536,29.11.2013,"309 170,04"
1537,28.11.2013,"309 004,94"
1538,27.11.2013,"251 712,75"
1539,26.11.2013,"242 090,00"
1540,25.11.2013,"224 626,57"
1541,22.11.2013,"241 914,93"
1542,21.11.2013,"218 636,06"
1543,20.11.2013,"204 089,49"
1544,19.11.2013,"232 754,60"
1545,18.11.2013,"214 981,80"
1546,15.11.2013,"221 686,39"
1547,14.11.2013,"226 985,89"
1548,13.11.2013,"224 716,77"
1549,12.11.2013,"228 205,36"
1550,11.11.2013,"201 060,11"
1551,08.11.2013,"204 326,40"
1552,07.11.2013,"249 524,85"
1553,06.11.2013,"252 104,35"
1554,05.11.2013,"257 117,43"
1555,01.11.2013,"251 852,69"
1556,31.10.2013,"251 046,01"
1557,30.10.2013,"281 928,74"
1558,29.10.2013,"253 445,55"
1559,28.10.2013,"270 417,42"
1560,25.10.2013,"247 057,27"
1561,24.10.2013,"181 940,01"
1562,23.10.2013,"164 416,52"
1563,22.10.2013,"187 843,99"
1564,21.10.2013,"201 220,41"
1565,18.10.2013,"198 514,02"
1566,17.10.2013,"213 293,78"
1567,16.10.2013,"206 376,56"
1568,15.10.2013,"191 246,51"
1569,14.10.2013,"204 870,11"
1570,11.10.2013,"184 794,85"
1571,10.10.2013,"213 640,14"
1572,09.10.2013,"207 911,03"
1573,08.10.2013,"201 217,38"
1574,07.10.2013,"180 655,55"
1575,04.10.2013,"203 354,27"
1576,03.10.2013,"189 510,55"
1577,02.10.2013,"213 795,87"
1578,01.10.2013,"191 176,05"
1579,30.09.2013,"219 997,33"
1580,27.09.2013,"245 611,32"
1581,26.09.2013,"264 855,79"
1582,25.09.2013,"238 634,24"
1583,24.09.2013,"271 353,14"
1584,23.09.2013,"239 157,51"
1585,20.09.2013,"218 826,68"
1586,19.09.2013,"252 785,31"
1587,18.09.2013,"211 560,97"
1588,17.09.2013,"200 130,47"
1589,16.09.2013,"204 452,32"
1590,13.09.2013,"182 700,48"
1591,12.09.2013,"190 202,63"
1592,11.09.2013,"232 254,09"
1593,10.09.2013,"206 368,20"
1594,09.09.2013,"255 004,56"
1595,06.09.2013,"218 475,26"
1596,05.09.2013,"203 089,04"
1597,04.09.2013,"198 005,62"
1598,03.09.2013,"213 771,51"
1599,02.09.2013,"226 071,15"
1600,30.08.2013,"208 048,40"
1601,29.08.2013,"208 366,52"
1602,28.08.2013,"222 139,83"
1603,27.08.2013,"223 878,68"
1604,26.08.2013,"227 337,38"
1605,23.08.2013,"215 407,56"
1606,22.08.2013,"227 737,23"
1607,21.08.2013,"192 984,73"
1608,20.08.2013,"221 082,00"
1609,19.08.2013,"224 158,26"
1610,16.08.2013,"200 446,84"
1611,15.08.2013,"176 433,63"
1612,14.08.2013,"168 630,07"
1613,13.08.2013,"181 803,97"
1614,12.08.2013,"170 657,24"
1615,09.08.2013,"163 323,27"
1616,08.08.2013,"199 482,41"
1617,07.08.2013,"208 729,16"
1618,06.08.2013,"196 419,02"
1619,05.08.2013,"194 022,06"
1620,02.08.2013,"231 133,96"
1621,01.08.2013,"223 387,13"
1622,31.07.2013,"227 783,09"
1623,30.07.2013,"250 060,56"
1624,29.07.2013,"230 024,88"
1625,26.07.2013,"220 306,81"
1626,25.07.2013,"211 122,13"
1627,24.07.2013,"200 238,67"
1628,23.07.2013,"217 433,16"
1629,22.07.2013,"209 136,37"
1630,19.07.2013,"197 635,24"
1631,18.07.2013,"187 089,90"
1632,17.07.2013,"178 097,69"
1633,16.07.2013,"168 377,52"
1634,15.07.2013,"167 116,19"
1635,12.07.2013,"173 665,30"
1636,11.07.2013,"155 110,76"
1637,10.07.2013,"152 831,33"
1638,09.07.2013,"173 608,68"
1639,08.07.2013,"194 519,39"
1640,05.07.2013,"191 853,30"
1641,04.07.2013,"206 063,53"
1642,03.07.2013,"216 506,80"
1643,02.07.2013,"237 552,22"
1644,01.07.2013,"221 239,38"
1645,28.06.2013,"228 850,16"
1646,27.06.2013,"234 305,35"
1647,26.06.2013,"222 854,48"
1648,25.06.2013,"218 611,04"
1649,24.06.2013,"185 956,36"
1650,21.06.2013,"205 930,65"
1651,20.06.2013,"193 352,17"
1652,19.06.2013,"153 284,35"
1653,18.06.2013,"170 163,07"
1654,17.06.2013,"180 517,07"
1655,14.06.2013,"159 017,10"
1656,13.06.2013,"175 194,31"
1657,11.06.2013,"202 362,01"
1658,10.06.2013,"183 858,59"
1659,07.06.2013,"225 536,55"
1660,06.06.2013,"199 585,96"
1661,05.06.2013,"202 029,47"
1662,04.06.2013,"193 732,61"
1663,03.06.2013,"214 706,55"
1664,31.05.2013,"223 173,99"
1665,30.05.2013,"257 532,39"
1666,29.05.2013,"237 004,44"
1667,28.05.2013,"242 076,34"
1668,27.05.2013,"214 050,72"
1669,24.05.2013,"185 376,40"
1670,23.05.2013,"211 587,02"
1671,22.05.2013,"214 176,22"
1672,21.05.2013,"200 066,96"
1673,20.05.2013,"200 891,74"
1674,17.05.2013,"226 502,22"
1675,16.05.2013,"222 958,41"
1676,15.05.2013,"231 783,70"
1677,14.05.2013,"235 412,66"
1678,13.05.2013,"228 268,54"
1679,08.05.2013,"204 926,71"
1680,07.05.2013,"220 168,84"
1681,06.05.2013,"215 270,45"
1682,30.04.2013,"188 658,88"
1683,29.04.2013,"205 175,54"
1684,26.04.2013,"215 364,64"
1685,25.04.2013,"240 892,73"
1686,24.04.2013,"275 355,39"
1687,23.04.2013,"295 873,98"
1688,22.04.2013,"305 973,67"
1689,19.04.2013,"264 410,86"
1690,18.04.2013,"254 760,66"
1691,17.04.2013,"215 484,96"
1692,16.04.2013,"244 952,02"
1693,15.04.2013,"210 099,23"
1694,12.04.2013,"228 243,54"
1695,11.04.2013,"236 362,83"
1696,10.04.2013,"241 393,64"
1697,09.04.2013,"221 456,31"
1698,08.04.2013,"269 631,78"
1699,05.04.2013,"236 084,84"
1700,04.04.2013,"267 962,59"
1701,03.04.2013,"231 187,61"
1702,02.04.2013,"237 392,78"
1703,01.04.2013,"250 249,42"
1704,29.03.2013,"251 058,06"
1705,28.03.2013,"244 092,16"
1706,27.03.2013,"216 160,87"
1707,26.03.2013,"222 705,64"
1708,25.03.2013,"258 122,68"
1709,22.03.2013,"243 308,64"
1710,21.03.2013,"168 135,36"
1711,20.03.2013,"179 975,64"
1712,19.03.2013,"209 769,14"
1713,18.03.2013,"191 855,79"
1714,15.03.2013,"179 390,99"
1715,14.03.2013,"187 845,97"
1716,13.03.2013,"181 994,61"
1717,12.03.2013,"189 379,63"
1718,11.03.2013,"193 248,99"
1719,07.03.2013,"171 856,15"
1720,06.03.2013,"158 666,32"
1721,05.03.2013,"181 951,14"
1722,04.03.2013,"197 834,86"
1723,01.03.2013,"189 388,26"
1724,28.02.2013,"223 188,66"
1725,27.02.2013,"207 494,27"
1726,26.02.2013,"225 111,42"
1727,25.02.2013,"230 920,67"
1728,22.02.2013,"198 480,73"
1729,21.02.2013,"186 735,03"
1730,20.02.2013,"157 264,33"
1731,19.02.2013,"154 730,72"
1732,18.02.2013,"149 568,56"
1733,15.02.2013,"151 383,23"
1734,14.02.2013,"186 171,36"
1735,13.02.2013,"188 140,97"
1736,12.02.2013,"181 198,56"
1737,11.02.2013,"186 178,31"
1738,08.02.2013,"131 300,23"
1739,07.02.2013,"168 802,16"
1740,06.02.2013,"190 635,27"
1741,05.02.2013,"165 269,41"
1742,04.02.2013,"177 439,02"
1743,01.02.2013,"177 397,70"
1744,31.01.2013,"178 755,01"
1745,30.01.2013,"213 094,78"
1746,29.01.2013,"265 205,14"
1747,28.01.2013,"216 513,47"
1748,25.01.2013,"222 449,78"
1749,24.01.2013,"200 840,62"
1750,23.01.2013,"179 159,01"
1751,22.01.2013,"206 252,44"
1752,21.01.2013,"148 368,43"
1753,18.01.2013,"126 203,72"
1754,17.01.2013,"206 247,31"
1755,16.01.2013,"180 167,41"
1756,15.01.2013,"221 992,23"
1757,14.01.2013,"228 249,61"
1758,11.01.2013,"241 109,19"
1759,10.01.2013,"228 535,24"
1760,09.01.2013,"200 840,06"
1761,29.12.2012,"125 250,80"
1762,28.12.2012,"82 149,60"
1763,27.12.2012,"260 672,11"
1764,26.12.2012,"274 043,97"
1765,25.12.2012,"221 329,23"
1766,24.12.2012,"234 283,36"
1767,21.12.2012,"190 069,99"
1768,20.12.2012,"194 835,44"
1769,19.12.2012,"176 483,99"
1770,18.12.2012,"205 531,41"
1771,17.12.2012,"134 147,88"
1772,14.12.2012,"194 489,34"
1773,13.12.2012,"211 955,18"
1774,12.12.2012,"177 138,63"
1775,11.12.2012,"178 117,61"
1776,10.12.2012,"203 549,92"
1777,07.12.2012,"214 068,01"
1778,06.12.2012,"208 698,38"
1779,05.12.2012,"189 501,22"
1780,04.12.2012,"194 610,70"
1781,03.12.2012,"186 465,31"
1782,30.11.2012,"200 097,39"
1783,29.11.2012,"202 742,70"
1784,28.11.2012,"226 886,00"
1785,27.11.2012,"165 825,03"
1786,26.11.2012,"170 221,86"
1787,23.11.2012,"141 443,12"
1788,22.11.2012,"125 973,74"
1789,21.11.2012,"149 544,88"
1790,20.11.2012,"169 414,87"
1791,19.11.2012,"177 477,86"
1792,16.11.2012,"198 114,39"
1793,15.11.2012,"196 317,77"
1794,14.11.2012,"189 771,42"
1795,13.11.2012,"193 814,15"
1796,12.11.2012,"184 379,81"
1797,09.11.2012,"195 033,36"
1798,08.11.2012,"167 625,13"
1799,07.11.2012,"177 612,60"
1800,06.11.2012,"188 562,90"
1801,02.11.2012,"163 550,93"
1802,01.11.2012,"183 218,61"
1803,31.10.2012,"198 370,02"
1804,30.10.2012,"187 705,23"
1805,29.10.2012,"213 224,47"
1806,26.10.2012,"194 362,02"
1807,25.10.2012,"194 018,08"
1808,24.10.2012,"192 168,43"
1809,23.10.2012,"185 329,49"
1810,22.10.2012,"158 131,16"
1811,19.10.2012,"138 944,12"
1812,18.10.2012,"155 688,49"
1813,17.10.2012,"159 976,00"
1814,16.10.2012,"149 103,91"
1815,15.10.2012,"144 534,70"
1816,12.10.2012,"153 161,15"
1817,11.10.2012,"156 091,48"
1818,10.10.2012,"178 418,50"
1819,09.10.2012,"132 041,98"
1820,08.10.2012,"134 587,98"
1821,05.10.2012,"144 269,49"
1822,04.10.2012,"111 115,15"
1823,03.10.2012,"130 755,49"
1824,02.10.2012,"160 625,17"
1825,01.10.2012,"169 849,55"
1826,28.09.2012,"196 201,17"
1827,27.09.2012,"166 343,96"
1828,26.09.2012,"158 290,95"
1829,25.09.2012,"166 406,93"
1830,24.09.2012,"136 514,47"
1831,21.09.2012,"163 609,66"
1832,20.09.2012,"157 186,13"
1833,19.09.2012,"164 860,83"
1834,18.09.2012,"160 065,86"
1835,17.09.2012,"149 514,81"
1836,14.09.2012,"117 140,92"
1837,13.09.2012,"114 537,73"
1838,12.09.2012,"104 226,53"
1839,11.09.2012,"121 696,44"
1840,10.09.2012,"164 088,62"
1841,07.09.2012,"157 786,98"
1842,06.09.2012,"132 837,12"
1843,05.09.2012,"173 186,74"
1844,04.09.2012,"152 812,94"
1845,03.09.2012,"150 008,72"
1846,31.08.2012,"144 815,64"
1847,30.08.2012,"133 389,82"
1848,29.08.2012,"174 416,58"
1849,28.08.2012,"200 143,13"
1850,27.08.2012,"187 703,99"
1851,24.08.2012,"185 072,93"
1852,23.08.2012,"158 968,70"
1853,22.08.2012,"175 005,50"
1854,21.08.2012,"165 313,66"
1855,20.08.2012,"160 191,51"
1856,17.08.2012,"173 148,25"
1857,16.08.2012,"182 388,89"
1858,15.08.2012,"165 740,84"
1859,14.08.2012,"135 861,38"
1860,13.08.2012,"119 914,92"
1861,10.08.2012,"144 975,56"
1862,09.08.2012,"139 743,79"
1863,08.08.2012,"163 617,28"
1864,07.08.2012,"227 905,84"
1865,06.08.2012,"215 066,56"
1866,03.08.2012,"226 010,66"
1867,02.08.2012,"143 691,09"
1868,01.08.2012,"191 935,91"
1869,31.07.2012,"249 918,68"
1870,30.07.2012,"236 572,56"
1871,27.07.2012,"247 140,05"
1872,26.07.2012,"242 019,19"
1873,25.07.2012,"205 379,21"
1874,24.07.2012,"233 688,56"
1875,23.07.2012,"150 742,48"
1876,20.07.2012,"133 414,88"
1877,19.07.2012,"164 647,37"
1878,18.07.2012,"146 218,72"
1879,17.07.2012,"149 966,88"
1880,16.07.2012,"121 953,44"
1881,13.07.2012,"125 674,09"
1882,12.07.2012,"119 411,53"
1883,11.07.2012,"166 486,37"
1884,10.07.2012,"177 245,40"
1885,09.07.2012,"137 198,17"
1886,06.07.2012,"157 754,03"
1887,05.07.2012,"166 999,78"
1888,04.07.2012,"221 885,02"
1889,03.07.2012,"244 803,74"
1890,02.07.2012,"271 874,73"
1891,29.06.2012,"208 543,98"
1892,28.06.2012,"176 887,69"
1893,27.06.2012,"151 691,55"
1894,26.06.2012,"157 483,33"
1895,25.06.2012,"167 461,37"
1896,22.06.2012,"142 431,95"
1897,21.06.2012,"217 271,76"
1898,20.06.2012,"163 049,91"
1899,19.06.2012,"198 470,79"
1900,18.06.2012,"193 826,88"
1901,15.06.2012,"190 364,52"
1902,14.06.2012,"219 378,43"
1903,13.06.2012,"215 692,37"
1904,09.06.2012,"128 422,16"
1905,08.06.2012,"121 632,00"
1906,07.06.2012,"201 240,75"
1907,06.06.2012,"159 732,76"
1908,05.06.2012,"140 136,89"
1909,04.06.2012,"160 762,02"
1910,01.06.2012,"198 226,55"
1911,31.05.2012,"179 547,09"
1912,30.05.2012,"181 132,78"
1913,29.05.2012,"159 799,61"
1914,28.05.2012,"175 073,04"
1915,25.05.2012,"159 676,79"
1916,24.05.2012,"142 749,60"
1917,23.05.2012,"156 127,96"
1918,22.05.2012,"178 210,50"
1919,21.05.2012,"131 118,62"
1920,18.05.2012,"134 906,61"
1921,17.05.2012,"165 797,46"
1922,16.05.2012,"160 127,89"
1923,15.05.2012,"174 914,46"
1924,14.05.2012,"171 620,80"
1925,12.05.2012,"104 305,78"
1926,11.05.2012,"85 328,80"
1927,10.05.2012,"176 918,63"
1928,05.05.2012,"140 465,60"
1929,04.05.2012,"94 148,40"
1930,03.05.2012,"179 906,50"
1931,02.05.2012,"154 995,83"
1932,28.04.2012,"153 262,88"
1933,27.04.2012,"126 337,60"
1934,26.04.2012,"152 101,44"
1935,25.04.2012,"143 400,09"
1936,24.04.2012,"153 200,26"
1937,23.04.2012,"140 405,66"
1938,20.04.2012,"139 906,15"
1939,19.04.2012,"137 104,56"
1940,18.04.2012,"189 447,79"
1941,17.04.2012,"158 351,17"
1942,16.04.2012,"206 859,67"
1943,13.04.2012,"175 871,91"
1944,12.04.2012,"160 054,16"
1945,11.04.2012,"194 937,84"
1946,10.04.2012,"156 539,58"
1947,09.04.2012,"138 529,66"
1948,06.04.2012,"132 448,68"
1949,05.04.2012,"183 016,96"
1950,04.04.2012,"174 838,93"
1951,03.04.2012,"181 190,83"
1952,02.04.2012,"159 370,08"
1953,30.03.2012,"168 176,80"
1954,29.03.2012,"160 665,60"
1955,28.03.2012,"171 582,64"
1956,27.03.2012,"176 991,74"
1957,26.03.2012,"192 217,37"
1958,23.03.2012,"159 336,24"
1959,22.03.2012,"170 235,62"
1960,21.03.2012,"175 173,66"
1961,20.03.2012,"147 461,30"
1962,19.03.2012,"171 267,85"
1963,16.03.2012,"154 360,61"
1964,15.03.2012,"180 460,88"
1965,14.03.2012,"191 873,45"
1966,13.03.2012,"198 613,51"
1967,12.03.2012,"178 110,40"
1968,11.03.2012,"110 520,00"
1969,07.03.2012,"98 220,00"
1970,06.03.2012,"160 266,64"
1971,05.03.2012,"162 262,07"
1972,02.03.2012,"171 922,24"
1973,01.03.2012,"184 686,78"
1974,29.02.2012,"159 849,56"
1975,28.02.2012,"181 746,06"
1976,27.02.2012,"209 651,28"
1977,24.02.2012,"115 233,00"
1978,22.02.2012,"133 745,59"
1979,21.02.2012,"113 924,27"
1980,20.02.2012,"179 399,28"
1981,17.02.2012,"172 427,86"
1982,16.02.2012,"158 246,32"
1983,15.02.2012,"158 771,76"
1984,14.02.2012,"158 547,20"
1985,13.02.2012,"177 892,20"
1986,10.02.2012,"166 861,26"
1987,09.02.2012,"106 198,29"
1988,08.02.2012,"100 852,99"
1989,07.02.2012,"107 607,86"
1990,06.02.2012,"125 427,83"
1991,03.02.2012,"152 822,30"
1992,02.02.2012,"190 779,27"
1993,01.02.2012,"249 416,80"
1994,31.01.2012,"217 823,21"
1995,30.01.2012,"270 782,40"
1996,27.01.2012,"227 225,68"
1997,26.01.2012,"270 125,72"
1998,25.01.2012,"231 242,56"
1999,24.01.2012,"220 631,83"
2000,23.01.2012,"231 986,72"
2001,20.01.2012,"216 149,78"
2002,19.01.2012,"282 654,24"
2003,18.01.2012,"278 985,68"
2004,17.01.2012,"196 935,43"
2005,16.01.2012,"255 456,24"
2006,13.01.2012,"284 075,11"
2007,12.01.2012,"292 610,61"
2008,11.01.2012,"281 812,58"
2009,10.01.2012,"259 477,40"
2010,30.12.2011,"125 783,20"
2011,29.12.2011,"258 491,30"
2012,28.12.2011,"275 287,53"
2013,27.12.2011,"213 466,42"
2014,26.12.2011,"340 128,68"
2015,23.12.2011,"200 883,48"
2016,22.12.2011,"287 251,83"
2017,21.12.2011,"225 683,68"
2018,20.12.2011,"196 164,85"
2019,19.12.2011,"236 379,52"
2020,16.12.2011,"252 998,17"
2021,15.12.2011,"227 886,13"
2022,14.12.2011,"209 927,65"
2023,13.12.2011,"231 323,84"
2024,12.12.2011,"191 208,44"
2025,09.12.2011,"169 010,98"
2026,08.12.2011,"185 713,54"
2027,07.12.2011,"197 699,02"
2028,06.12.2011,"179 558,48"
2029,05.12.2011,"209 699,08"
2030,02.12.2011,"217 953,96"
2031,01.12.2011,"196 108,32"
2032,30.11.2011,"207 492,92"
2033,29.11.2011,"194 789,21"
2034,28.11.2011,"211 751,79"
2035,25.11.2011,"200 865,86"
2036,24.11.2011,"220 154,80"
2037,23.11.2011,"183 085,76"
2038,22.11.2011,"178 157,62"
2039,21.11.2011,"210 220,99"
2040,18.11.2011,"231 848,69"
2041,17.11.2011,"196 838,75"
2042,16.11.2011,"208 640,15"
2043,15.11.2011,"201 430,84"
2044,14.11.2011,"227 504,50"
2045,11.11.2011,"152 880,74"
2046,10.11.2011,"175 650,50"
2047,09.11.2011,"232 358,16"
2048,08.11.2011,"190 829,82"
2049,07.11.2011,"239 536,18"
2050,03.11.2011,"265 823,83"
2051,02.11.2011,"234 832,85"
2052,01.11.2011,"225 308,79"
2053,31.10.2011,"177 667,87"
2054,28.10.2011,"228 677,87"
2055,27.10.2011,"224 183,29"
2056,26.10.2011,"228 447,84"
2057,25.10.2011,"200 346,08"
2058,24.10.2011,"163 628,96"
2059,21.10.2011,"151 012,37"
2060,20.10.2011,"178 941,18"
2061,19.10.2011,"165 195,91"
2062,18.10.2011,"248 779,39"
2063,17.10.2011,"219 803,46"
2064,14.10.2011,"242 843,68"
2065,13.10.2011,"253 691,94"
2066,12.10.2011,"230 194,10"
2067,11.10.2011,"252 813,76"
2068,10.10.2011,"277 824,00"
2069,07.10.2011,"167 742,11"
2070,06.10.2011,"231 820,64"
2071,05.10.2011,"187 985,84"
2072,04.10.2011,"223 642,40"
2073,03.10.2011,"204 927,76"
2074,30.09.2011,"188 682,96"
2075,29.09.2011,"279 393,05"
2076,28.09.2011,"194 541,91"
2077,27.09.2011,"233 526,52"
2078,26.09.2011,"239 982,68"
2079,23.09.2011,"218 557,44"
2080,22.09.2011,"227 029,89"
2081,21.09.2011,"233 283,79"
2082,20.09.2011,"210 706,80"
2083,19.09.2011,"153 628,40"
2084,16.09.2011,"149 819,53"
2085,15.09.2011,"186 431,54"
2086,14.09.2011,"196 846,43"
2087,13.09.2011,"154 892,46"
2088,12.09.2011,"204 706,32"
2089,09.09.2011,"145 326,22"
2090,08.09.2011,"102 062,85"
2091,07.09.2011,"98 444,80"
2092,06.09.2011,"110 232,16"
2093,05.09.2011,"133 627,13"
2094,02.09.2011,"144 593,77"
2095,01.09.2011,"146 498,16"
2096,31.08.2011,"144 107,59"
2097,30.08.2011,"172 193,92"
2098,29.08.2011,"195 963,76"
2099,26.08.2011,"201 993,76"
2100,25.08.2011,"160 872,85"
2101,24.08.2011,"109 279,99"
2102,23.08.2011,"136 489,37"
2103,22.08.2011,"139 046,13"
2104,19.08.2011,"154 149,36"
2105,18.08.2011,"128 481,15"
2106,17.08.2011,"130 668,50"
2107,16.08.2011,"143 221,44"
2108,15.08.2011,"151 178,89"
2109,12.08.2011,"129 958,00"
2110,11.08.2011,"140 035,84"
2111,10.08.2011,"93 227,66"
2112,09.08.2011,"110 018,82"
2113,08.08.2011,"101 017,95"
2114,05.08.2011,"106 758,19"
2115,04.08.2011,"110 161,60"
2116,03.08.2011,"132 798,53"
2117,02.08.2011,"154 234,62"
2118,01.08.2011,"175 562,82"
2119,29.07.2011,"191 779,04"
2120,28.07.2011,"194 672,96"
2121,27.07.2011,"169 992,24"
2122,26.07.2011,"155 299,92"
2123,25.07.2011,"140 174,73"
2124,22.07.2011,"121 186,40"
2125,21.07.2011,"112 621,86"
2126,20.07.2011,"114 550,10"
2127,19.07.2011,"110 218,16"
2128,18.07.2011,"119 486,71"
2129,15.07.2011,"107 790,94"
2130,14.07.2011,"99 870,96"
2131,13.07.2011,"91 659,28"
2132,12.07.2011,"112 072,16"
2133,11.07.2011,"93 077,12"
2134,08.07.2011,"91 759,76"
2135,07.07.2011,"90 233,60"
2136,06.07.2011,"70 397,96"
2137,05.07.2011,"71 800,36"
2138,04.07.2011,"104 107,67"
2139,01.07.2011,"92 325,60"
2140,30.06.2011,"123 437,70"
2141,29.06.2011,"116 724,50"
2142,28.06.2011,"152 168,02"
2143,27.06.2011,"138 297,94"
2144,24.06.2011,"120 022,29"
2145,23.06.2011,"109 449,45"
2146,22.06.2011,"133 858,97"
2147,21.06.2011,"127 869,28"
2148,20.06.2011,"154 302,14"
2149,17.06.2011,"127 965,43"
2150,16.06.2011,"152 219,45"
2151,15.06.2011,"173 158,38"
2152,14.06.2011,"160 442,62"
2153,10.06.2011,"114 402,45"
2154,09.06.2011,"90 162,40"
2155,08.06.2011,"86 911,60"
2156,07.06.2011,"94 896,59"
2157,06.06.2011,"92 040,15"
2158,03.06.2011,"91 071,99"
2159,02.06.2011,"105 960,96"
2160,01.06.2011,"142 249,68"
2161,31.05.2011,"180 934,08"
2162,30.05.2011,"196 265,60"
2163,27.05.2011,"193 541,76"
2164,26.05.2011,"183 828,70"
2165,25.05.2011,"144 164,32"
2166,24.05.2011,"144 684,84"
2167,23.05.2011,"119 542,64"
2168,20.05.2011,"105 903,71"
2169,19.05.2011,"100 659,35"
2170,18.05.2011,"103 486,50"
2171,17.05.2011,"111 703,49"
2172,16.05.2011,"121 002,66"
2173,13.05.2011,"107 893,49"
2174,12.05.2011,"119 939,09"
2175,11.05.2011,"88 637,69"
2176,10.05.2011,"110 375,84"
2177,06.05.2011,"99 678,58"
2178,05.05.2011,"99 663,47"
2179,04.05.2011,"169 467,04"
2180,03.05.2011,"205 517,18"
2181,29.04.2011,"203 494,64"
2182,28.04.2011,"203 645,14"
2183,27.04.2011,"174 240,80"
2184,26.04.2011,"190 956,40"
2185,25.04.2011,"195 582,64"
2186,22.04.2011,"130 252,16"
2187,21.04.2011,"120 019,44"
2188,20.04.2011,"111 639,20"
2189,19.04.2011,"85 114,22"
2190,18.04.2011,"120 533,36"
2191,15.04.2011,"115 763,44"
2192,14.04.2011,"97 989,50"
2193,13.04.2011,"66 055,77"
2194,12.04.2011,"69 291,44"
2195,11.04.2011,"63 744,64"
2196,08.04.2011,"61 105,33"
2197,07.04.2011,"62 952,67"
2198,06.04.2011,"61 810,41"
2199,05.04.2011,"58 403,51"
2200,04.04.2011,"74 577,56"
2201,01.04.2011,"94 445,59"
2202,31.03.2011,"102 530,28"
2203,30.03.2011,"84 409,81"
2204,29.03.2011,"95 127,94"
2205,28.03.2011,"100 179,82"
2206,25.03.2011,"77 560,87"
2207,24.03.2011,"87 384,35"
2208,23.03.2011,"81 916,24"
2209,22.03.2011,"92 714,98"
2210,21.03.2011,"82 583,53"
2211,18.03.2011,"88 192,34"
2212,17.03.2011,"78 059,40"
2213,16.03.2011,"77 594,35"
2214,15.03.2011,"70 740,94"
2215,14.03.2011,"98 910,72"
2216,11.03.2011,"93 308,46"
2217,10.03.2011,"86 904,70"
2218,09.03.2011,"105 799,07"
2219,05.03.2011,"51 243,02"
2220,04.03.2011,"68 905,17"
2221,03.03.2011,"96 366,93"
2222,02.03.2011,"86 786,30"
2223,01.03.2011,"124 465,33"
2224,28.02.2011,"154 671,96"
2225,25.02.2011,"134 405,65"
2226,24.02.2011,"102 292,47"
2227,22.02.2011,"88 443,88"
2228,21.02.2011,"77 355,37"
2229,18.02.2011,"85 200,04"
2230,17.02.2011,"94 650,57"
2231,16.02.2011,"102 842,60"
2232,15.02.2011,"108 081,68"
2233,14.02.2011,"108 662,01"
2234,11.02.2011,"74 125,01"
2235,10.02.2011,"59 911,18"
2236,09.02.2011,"61 949,59"
2237,08.02.2011,"74 811,47"
2238,07.02.2011,"81 653,37"
2239,04.02.2011,"99 478,73"
2240,03.02.2011,"102 002,57"
2241,02.02.2011,"61 237,66"
2242,01.02.2011,"66 892,20"
2243,31.01.2011,"78 447,78"
2244,28.01.2011,"89 183,05"
2245,27.01.2011,"75 024,32"
2246,26.01.2011,"63 655,68"
2247,25.01.2011,"95 272,05"
2248,24.01.2011,"98 755,22"
2249,21.01.2011,"77 296,65"
2250,20.01.2011,"81 320,00"
2251,19.01.2011,"89 041,35"
2252,18.01.2011,"106 406,33"
2253,17.01.2011,"88 633,14"
2254,14.01.2011,"81 748,24"
2255,13.01.2011,"72 321,99"
2256,12.01.2011,"87 182,04"
2257,11.01.2011,"100 317,37"
2258,31.12.2010,"37 126,48"
2259,30.12.2010,"46 593,20"
2260,29.12.2010,"131 042,48"
2261,28.12.2010,"139 532,80"
2262,27.12.2010,"181 676,08"
2263,24.12.2010,"154 985,36"
2264,23.12.2010,"121 867,39"
2265,22.12.2010,"165 799,06"
2266,21.12.2010,"151 415,96"
2267,20.12.2010,"192 646,55"
2268,17.12.2010,"158 875,33"
2269,16.12.2010,"179 339,17"
2270,15.12.2010,"176 130,89"
2271,14.12.2010,"172 170,48"
2272,13.12.2010,"167 646,04"
2273,10.12.2010,"194 057,08"
2274,09.12.2010,"189 964,72"
2275,08.12.2010,"149 279,20"
2276,07.12.2010,"123 080,72"
2277,06.12.2010,"164 718,32"
2278,03.12.2010,"139 434,80"
2279,02.12.2010,"172 153,44"
2280,01.12.2010,"194 955,12"
2281,30.11.2010,"204 304,62"
2282,29.11.2010,"202 759,12"
2283,26.11.2010,"192 961,28"
2284,25.11.2010,"211 754,32"
2285,24.11.2010,"205 772,88"
2286,23.11.2010,"152 928,48"
2287,22.11.2010,"155 674,40"
2288,19.11.2010,"136 533,68"
2289,18.11.2010,"98 743,52"
2290,17.11.2010,"109 621,76"
2291,16.11.2010,"123 184,04"
2292,15.11.2010,"137 721,63"
2293,13.11.2010,"72 778,64"
2294,12.11.2010,"64 614,72"
2295,11.11.2010,"104 037,52"
2296,10.11.2010,"102 950,32"
2297,09.11.2010,"100 584,32"
2298,08.11.2010,"126 288,72"
2299,03.11.2010,"103 444,44"
2300,02.11.2010,"142 583,16"
2301,01.11.2010,"139 793,68"
2302,29.10.2010,"179 778,88"
2303,28.10.2010,"175 072,16"
2304,27.10.2010,"175 579,84"
2305,26.10.2010,"181 776,56"
2306,25.10.2010,"168 269,68"
2307,22.10.2010,"128 513,28"
2308,21.10.2010,"113 869,36"
2309,20.10.2010,"125 167,65"
2310,19.10.2010,"73 198,80"
2311,18.10.2010,"90 887,68"
2312,15.10.2010,"87 686,08"
2313,14.10.2010,"108 260,56"
2314,13.10.2010,"89 958,96"
2315,12.10.2010,"96 632,59"
2316,11.10.2010,"93 198,88"
2317,08.10.2010,"84 988,32"
2318,07.10.2010,"124 688,59"
2319,06.10.2010,"103 002,59"
2320,05.10.2010,"98 739,12"
2321,04.10.2010,"117 640,07"
2322,01.10.2010,"109 023,89"
2323,30.09.2010,"129 129,07"
2324,29.09.2010,"162 263,09"
2325,28.09.2010,"143 285,25"
2326,27.09.2010,"145 469,83"
2327,24.09.2010,"153 905,57"
2328,23.09.2010,"129 717,65"
2329,22.09.2010,"119 255,17"
2330,21.09.2010,"108 530,93"
2331,20.09.2010,"125 268,13"
2332,17.09.2010,"120 109,10"
2333,16.09.2010,"131 410,37"
2334,15.09.2010,"117 585,81"
2335,14.09.2010,"121 991,81"
2336,13.09.2010,"98 484,07"
2337,10.09.2010,"107 302,68"
2338,09.09.2010,"121 532,13"
2339,08.09.2010,"80 992,72"
2340,07.09.2010,"83 172,48"
2341,06.09.2010,"90 274,96"
2342,03.09.2010,"80 181,04"
2343,02.09.2010,"130 216,40"
2344,01.09.2010,"85 499,84"
2345,31.08.2010,"109 687,60"
2346,30.08.2010,"102 612,75"
2347,27.08.2010,"113 484,56"
2348,26.08.2010,"146 241,44"
2349,25.08.2010,"123 433,91"
2350,24.08.2010,"128 129,28"
2351,23.08.2010,"136 399,76"
2352,20.08.2010,"100 338,96"
2353,19.08.2010,"147 846,80"
2354,18.08.2010,"112 542,56"
2355,17.08.2010,"127 102,48"
2356,16.08.2010,"123 397,41"
2357,13.08.2010,"102 611,93"
2358,12.08.2010,"155 369,36"
2359,11.08.2010,"98 491,36"
2360,10.08.2010,"94 307,42"
2361,09.08.2010,"109 502,54"
2362,06.08.2010,"92 654,07"
2363,05.08.2010,"142 115,84"
2364,04.08.2010,"119 265,20"
2365,03.08.2010,"109 370,16"
2366,02.08.2010,"90 621,04"
2367,30.07.2010,"93 623,04"
2368,29.07.2010,"166 535,36"
2369,28.07.2010,"156 969,56"
2370,27.07.2010,"151 756,56"
2371,26.07.2010,"136 637,44"
2372,23.07.2010,"132 371,04"
2373,22.07.2010,"129 271,60"
2374,21.07.2010,"135 148,48"
2375,20.07.2010,"103 484,88"
2376,19.07.2010,"137 201,68"
2377,16.07.2010,"115 581,90"
2378,15.07.2010,"124 342,37"
2379,14.07.2010,"113 212,21"
2380,13.07.2010,"112 964,11"
2381,12.07.2010,"102 532,55"
2382,09.07.2010,"85 153,46"
2383,08.07.2010,"102 682,50"
2384,07.07.2010,"87 188,48"
2385,06.07.2010,"103 735,12"
2386,05.07.2010,"104 633,60"
2387,02.07.2010,"112 621,20"
2388,01.07.2010,"136 348,24"
2389,30.06.2010, — 
2390,29.06.2010, — 
2391,28.06.2010, — 
2392,25.06.2010, — 
2393,24.06.2010, — 
2394,23.06.2010, — 
2395,22.06.2010, — 
2396,21.06.2010, — 
2397,18.06.2010, — 
2398,17.06.2010, — 
2399,16.06.2010, — 
2400,15.06.2010, — 
2401,11.06.2010, — 
2402,10.06.2010, — 
2403,09.06.2010, — 
2404,08.06.2010, — 
2405,07.06.2010, — 
2406,04.06.2010, — 
2407,03.06.2010, — 
2408,02.06.2010, — 
2409,01.06.2010, — 
2410,31.05.2010, — 
2411,28.05.2010, — 
2412,27.05.2010, — 
2413,26.05.2010, — 
2414,25.05.2010, — 
2415,24.05.2010, — 
2416,21.05.2010, — 
2417,20.05.2010, — 
2418,19.05.2010, — 
2419,18.05.2010, — 
2420,17.05.2010, — 
2421,14.05.2010, — 
2422,13.05.2010, — 
2423,12.05.2010, — 
2424,11.05.2010, — 
2425,07.05.2010, — 
2426,06.05.2010, — 
2427,05.05.2010, — 
2428,04.05.2010, — 
2429,30.04.2010, — 
2430,29.04.2010, — 
2431,28.04.2010, — 
2432,27.04.2010, — 
2433,26.04.2010, — 
2434,23.04.2010, — 
2435,22.04.2010, — 
2436,21.04.2010, — 
2437,20.04.2010, — 
2438,19.04.2010, — 
2439,16.04.2010, — 
2440,15.04.2010, — 
2441,14.04.2010, — 
2442,13.04.2010, — 
2443,12.04.2010, — 
2444,09.04.2010, — 
2445,08.04.2010, — 
2446,07.04.2010, — 
2447,06.04.2010, — 
2448,05.04.2010, — 
2449,02.04.2010, — 
2450,01.04.2010, — 
2451,31.03.2010, — 
2452,30.03.2010, — 
2453,29.03.2010, — 
2454,26.03.2010, — 
2455,25.03.2010, — 
2456,24.03.2010, — 
2457,23.03.2010, — 
2458,22.03.2010, — 
2459,19.03.2010, — 
2460,18.03.2010, — 
2461,17.03.2010, — 
2462,16.03.2010, — 
2463,15.03.2010, — 
2464,12.03.2010, — 
2465,11.03.2010, — 
2466,10.03.2010, — 
2467,09.03.2010, — 
2468,05.03.2010, — 
2469,04.03.2010, — 
2470,03.03.2010, — 
2471,02.03.2010, — 
2472,01.03.2010, — 
2473,27.02.2010, — 
2474,26.02.2010, — 
2475,25.02.2010, — 
2476,24.02.2010, — 
2477,19.02.2010, — 
2478,18.02.2010, — 
2479,17.02.2010, — 
2480,16.02.2010, — 
2481,15.02.2010, — 
2482,12.02.2010, — 
2483,11.02.2010, — 
2484,10.02.2010, — 
2485,09.02.2010, — 
2486,08.02.2010, — 
2487,05.02.2010, — 
2488,04.02.2010, — 
2489,03.02.2010, — 
2490,02.02.2010, — 
2491,01.02.2010, — 
2492,29.01.2010, — 
2493,28.01.2010, — 
2494,27.01.2010, — 
2495,26.01.2010, — 
2496,25.01.2010, — 
2497,22.01.2010, — 
2498,21.01.2010, — 
2499,20.01.2010, — 
2500,19.01.2010, — 
2501,18.01.2010, — 
2502,15.01.2010, — 
2503,14.01.2010, — 
2504,13.01.2010, — 
2505,12.01.2010, — 
2506,11.01.2010, —
